{
    "version": "2023-08-31",
    "name": "deepseek-ai-DeepSeek-R1-Distill-Llama-8B_1000_2000_summary",
    "model": "deepseek-ai/DeepSeek-R1-Distill-Llama-8B",
    "mean_input_tokens": 1000,
    "stddev_input_tokens": 0,
    "mean_output_tokens": 2000,
    "stddev_output_tokens": 0,
    "num_concurrent_requests": 20,
    "results_inter_token_latency_s_quantiles_p25": 0.024000658137257238,
    "results_inter_token_latency_s_quantiles_p50": 0.02425036167893995,
    "results_inter_token_latency_s_quantiles_p75": 0.02453402358887929,
    "results_inter_token_latency_s_quantiles_p90": 0.025876981133947055,
    "results_inter_token_latency_s_quantiles_p95": 0.026038620321849885,
    "results_inter_token_latency_s_quantiles_p99": 0.026264641843318823,
    "results_inter_token_latency_s_mean": 0.02443644748487179,
    "results_inter_token_latency_s_min": 0.023261030606569155,
    "results_inter_token_latency_s_max": 0.0262875118318923,
    "results_inter_token_latency_s_stddev": 0.0007258791620163109,
    "results_ttft_s_quantiles_p25": 0.5039492327487096,
    "results_ttft_s_quantiles_p50": 0.5507663985044928,
    "results_ttft_s_quantiles_p75": 0.6944826265098527,
    "results_ttft_s_quantiles_p90": 0.9487743583158591,
    "results_ttft_s_quantiles_p95": 1.0159745537312115,
    "results_ttft_s_quantiles_p99": 1.3238079329673216,
    "results_ttft_s_mean": 0.6315816131708561,
    "results_ttft_s_min": 0.382076629990479,
    "results_ttft_s_max": 1.614752199006034,
    "results_ttft_s_stddev": 0.22547812156589425,
    "results_end_to_end_latency_s_quantiles_p25": 30.93572878298437,
    "results_end_to_end_latency_s_quantiles_p50": 39.5158697609877,
    "results_end_to_end_latency_s_quantiles_p75": 48.07088212924282,
    "results_end_to_end_latency_s_quantiles_p90": 48.824277897793216,
    "results_end_to_end_latency_s_quantiles_p95": 51.75694586934842,
    "results_end_to_end_latency_s_quantiles_p99": 52.15776561602775,
    "results_end_to_end_latency_s_mean": 37.80798677549901,
    "results_end_to_end_latency_s_min": 9.607726482994622,
    "results_end_to_end_latency_s_max": 52.1798394510115,
    "results_end_to_end_latency_s_stddev": 11.077457169385998,
    "results_request_output_throughput_token_per_s_quantiles_p25": 46.81486231872169,
    "results_request_output_throughput_token_per_s_quantiles_p50": 47.64004276784319,
    "results_request_output_throughput_token_per_s_quantiles_p75": 48.799189959133436,
    "results_request_output_throughput_token_per_s_quantiles_p90": 49.5493441672294,
    "results_request_output_throughput_token_per_s_quantiles_p95": 49.96681272297787,
    "results_request_output_throughput_token_per_s_quantiles_p99": 50.776884431015574,
    "results_request_output_throughput_token_per_s_mean": 47.538763446671425,
    "results_request_output_throughput_token_per_s_min": 42.3332827411256,
    "results_request_output_throughput_token_per_s_max": 51.22783018566532,
    "results_request_output_throughput_token_per_s_stddev": 1.7449629494658805,
    "results_number_input_tokens_quantiles_p25": 1000.0,
    "results_number_input_tokens_quantiles_p50": 1000.0,
    "results_number_input_tokens_quantiles_p75": 1000.0,
    "results_number_input_tokens_quantiles_p90": 1000.0,
    "results_number_input_tokens_quantiles_p95": 1000.0,
    "results_number_input_tokens_quantiles_p99": 1000.0,
    "results_number_input_tokens_mean": 1000.0,
    "results_number_input_tokens_min": "1000",
    "results_number_input_tokens_max": "1000",
    "results_number_input_tokens_stddev": 0.0,
    "results_number_output_tokens_quantiles_p25": 1490.25,
    "results_number_output_tokens_quantiles_p50": 1868.0,
    "results_number_output_tokens_quantiles_p75": 2279.0,
    "results_number_output_tokens_quantiles_p90": 2309.8,
    "results_number_output_tokens_quantiles_p95": 2343.25,
    "results_number_output_tokens_quantiles_p99": 2404.27,
    "results_number_output_tokens_mean": 1795.84,
    "results_number_output_tokens_min": "426",
    "results_number_output_tokens_max": "2431",
    "results_number_output_tokens_stddev": 516.4499784122565,
    "results_num_requests_started": 100,
    "results_error_rate": 0.0,
    "results_number_errors": 0,
    "results_error_code_frequency": "{}",
    "results_mean_output_throughput_token_per_s": 718.3586045270021,
    "results_num_completed_requests": 100,
    "results_num_completed_requests_per_min": 24.00075522965305,
    "results_duration_s": 249.99213327199686,
    "results_infra_cost_$": 0.04444304591502166,
    "results_total_input_tokens": "100000",
    "results_total_output_tokens": "179584",
    "results_cost_usd_per_1k_requests": 0.4444304591502166,
    "results_output_cost_usd_per_1m_tokens": 0.2474777592381374,
    "timestamp": 1738795021
}