{
    "version": "2023-08-31",
    "name": "deepseek-ai-DeepSeek-R1-Distill-Llama-8B_150_150_summary",
    "model": "deepseek-ai/DeepSeek-R1-Distill-Llama-8B",
    "mean_input_tokens": 150,
    "stddev_input_tokens": 0,
    "mean_output_tokens": 150,
    "stddev_output_tokens": 0,
    "num_concurrent_requests": 5,
    "results_inter_token_latency_s_quantiles_p25": 0.023942747529508777,
    "results_inter_token_latency_s_quantiles_p50": 0.024232699086520974,
    "results_inter_token_latency_s_quantiles_p75": 0.024751737704743086,
    "results_inter_token_latency_s_quantiles_p90": 0.025704910618136637,
    "results_inter_token_latency_s_quantiles_p95": 0.026582087682686203,
    "results_inter_token_latency_s_quantiles_p99": 0.02707080613173702,
    "results_inter_token_latency_s_mean": 0.02449500251731369,
    "results_inter_token_latency_s_min": 0.02297351284767501,
    "results_inter_token_latency_s_max": 0.03113402863945036,
    "results_inter_token_latency_s_stddev": 0.001116861521676391,
    "results_ttft_s_quantiles_p25": 0.3176612067545648,
    "results_ttft_s_quantiles_p50": 0.3650667764886748,
    "results_ttft_s_quantiles_p75": 0.44817169875022955,
    "results_ttft_s_quantiles_p90": 0.5895197605947035,
    "results_ttft_s_quantiles_p95": 0.6806911355350166,
    "results_ttft_s_quantiles_p99": 0.9175047041158566,
    "results_ttft_s_mean": 0.40035133587749444,
    "results_ttft_s_min": 0.1884769199823495,
    "results_ttft_s_max": 1.4036996559880208,
    "results_ttft_s_stddev": 0.1683929435475837,
    "results_end_to_end_latency_s_quantiles_p25": 3.5922344362334115,
    "results_end_to_end_latency_s_quantiles_p50": 3.6350226509966888,
    "results_end_to_end_latency_s_quantiles_p75": 3.712882098494447,
    "results_end_to_end_latency_s_quantiles_p90": 3.855846053207643,
    "results_end_to_end_latency_s_quantiles_p95": 3.987428728349914,
    "results_end_to_end_latency_s_quantiles_p99": 4.084749168553683,
    "results_end_to_end_latency_s_mean": 3.6756598052292246,
    "results_end_to_end_latency_s_min": 3.446142343978863,
    "results_end_to_end_latency_s_max": 4.670252051990246,
    "results_end_to_end_latency_s_stddev": 0.16774885378438464,
    "results_request_output_throughput_token_per_s_quantiles_p25": 45.723992430817155,
    "results_request_output_throughput_token_per_s_quantiles_p50": 46.947278332200824,
    "results_request_output_throughput_token_per_s_quantiles_p75": 48.35193534465058,
    "results_request_output_throughput_token_per_s_quantiles_p90": 49.23579988308424,
    "results_request_output_throughput_token_per_s_quantiles_p95": 49.748418861420475,
    "results_request_output_throughput_token_per_s_quantiles_p99": 51.36480292712239,
    "results_request_output_throughput_token_per_s_mean": 46.7553539929578,
    "results_request_output_throughput_token_per_s_min": 36.82884736953363,
    "results_request_output_throughput_token_per_s_max": 51.66421405652917,
    "results_request_output_throughput_token_per_s_stddev": 2.2775822937347905,
    "results_number_input_tokens_quantiles_p25": 150.0,
    "results_number_input_tokens_quantiles_p50": 150.0,
    "results_number_input_tokens_quantiles_p75": 150.0,
    "results_number_input_tokens_quantiles_p90": 150.0,
    "results_number_input_tokens_quantiles_p95": 150.0,
    "results_number_input_tokens_quantiles_p99": 150.0,
    "results_number_input_tokens_mean": 150.0,
    "results_number_input_tokens_min": "150",
    "results_number_input_tokens_max": "150",
    "results_number_input_tokens_stddev": 0.0,
    "results_number_output_tokens_quantiles_p25": 169.0,
    "results_number_output_tokens_quantiles_p50": 171.0,
    "results_number_output_tokens_quantiles_p75": 174.0,
    "results_number_output_tokens_quantiles_p90": 177.0,
    "results_number_output_tokens_quantiles_p95": 178.0,
    "results_number_output_tokens_quantiles_p99": 179.0,
    "results_number_output_tokens_mean": 171.52,
    "results_number_output_tokens_min": "163",
    "results_number_output_tokens_max": "179",
    "results_number_output_tokens_stddev": 3.6278384916106896,
    "results_num_requests_started": 100,
    "results_error_rate": 0.0,
    "results_number_errors": 0,
    "results_error_code_frequency": "{}",
    "results_mean_output_throughput_token_per_s": 219.06018322633204,
    "results_num_completed_requests": 100,
    "results_num_completed_requests_per_min": 76.63019469204711,
    "results_duration_s": 78.2981176559988,
    "results_infra_cost_$": 0.013919665361066452,
    "results_total_input_tokens": "15000",
    "results_total_output_tokens": "17152",
    "results_cost_usd_per_1k_requests": 0.13919665361066452,
    "results_output_cost_usd_per_1m_tokens": 0.811547653980087,
    "timestamp": 1738784955
}