{
    "version": "2023-08-31",
    "name": "deepseek-ai-DeepSeek-R1-Distill-Llama-8B_150_150_summary",
    "model": "deepseek-ai/DeepSeek-R1-Distill-Llama-8B",
    "mean_input_tokens": 150,
    "stddev_input_tokens": 0,
    "mean_output_tokens": 150,
    "stddev_output_tokens": 0,
    "num_concurrent_requests": 10,
    "results_inter_token_latency_s_quantiles_p25": 0.024626942076041207,
    "results_inter_token_latency_s_quantiles_p50": 0.02492841057799524,
    "results_inter_token_latency_s_quantiles_p75": 0.02566265549035355,
    "results_inter_token_latency_s_quantiles_p90": 0.02657789601185747,
    "results_inter_token_latency_s_quantiles_p95": 0.027654140866342155,
    "results_inter_token_latency_s_quantiles_p99": 0.0296639625482727,
    "results_inter_token_latency_s_mean": 0.025305129464836016,
    "results_inter_token_latency_s_min": 0.023677248219416167,
    "results_inter_token_latency_s_max": 0.032746310652582905,
    "results_inter_token_latency_s_stddev": 0.0012883601303976609,
    "results_ttft_s_quantiles_p25": 0.32365868648776086,
    "results_ttft_s_quantiles_p50": 0.3697948475019075,
    "results_ttft_s_quantiles_p75": 0.45217019351548515,
    "results_ttft_s_quantiles_p90": 0.5292778959992575,
    "results_ttft_s_quantiles_p95": 0.6074161849421216,
    "results_ttft_s_quantiles_p99": 1.4801757205624018,
    "results_ttft_s_mean": 0.4069589899119455,
    "results_ttft_s_min": 0.1834602309972979,
    "results_ttft_s_max": 1.4981959529977757,
    "results_ttft_s_stddev": 0.2067574665779991,
    "results_end_to_end_latency_s_quantiles_p25": 3.6941598707344383,
    "results_end_to_end_latency_s_quantiles_p50": 3.7393955555016873,
    "results_end_to_end_latency_s_quantiles_p75": 3.849647199487663,
    "results_end_to_end_latency_s_quantiles_p90": 3.98681971928163,
    "results_end_to_end_latency_s_quantiles_p95": 4.14824047225411,
    "results_end_to_end_latency_s_quantiles_p99": 4.449716018465408,
    "results_end_to_end_latency_s_mean": 3.7959738679102157,
    "results_end_to_end_latency_s_min": 3.5517127019993495,
    "results_end_to_end_latency_s_max": 4.912056164001115,
    "results_end_to_end_latency_s_stddev": 0.19327887244605135,
    "results_request_output_throughput_token_per_s_quantiles_p25": 44.03970257315676,
    "results_request_output_throughput_token_per_s_quantiles_p50": 45.60832764182397,
    "results_request_output_throughput_token_per_s_quantiles_p75": 46.6133004947976,
    "results_request_output_throughput_token_per_s_quantiles_p90": 47.123853168805724,
    "results_request_output_throughput_token_per_s_quantiles_p95": 48.00507833344744,
    "results_request_output_throughput_token_per_s_quantiles_p99": 49.800385776224985,
    "results_request_output_throughput_token_per_s_mean": 45.16190607368073,
    "results_request_output_throughput_token_per_s_min": 35.21946700607,
    "results_request_output_throughput_token_per_s_max": 49.94957571034242,
    "results_request_output_throughput_token_per_s_stddev": 2.3348527449499357,
    "results_number_input_tokens_quantiles_p25": 150.0,
    "results_number_input_tokens_quantiles_p50": 150.0,
    "results_number_input_tokens_quantiles_p75": 150.0,
    "results_number_input_tokens_quantiles_p90": 150.0,
    "results_number_input_tokens_quantiles_p95": 150.0,
    "results_number_input_tokens_quantiles_p99": 150.0,
    "results_number_input_tokens_mean": 150.0,
    "results_number_input_tokens_min": "150",
    "results_number_input_tokens_max": "150",
    "results_number_input_tokens_stddev": 0.0,
    "results_number_output_tokens_quantiles_p25": 168.0,
    "results_number_output_tokens_quantiles_p50": 171.0,
    "results_number_output_tokens_quantiles_p75": 174.0,
    "results_number_output_tokens_quantiles_p90": 175.10000000000002,
    "results_number_output_tokens_quantiles_p95": 177.0,
    "results_number_output_tokens_quantiles_p99": 180.01,
    "results_number_output_tokens_mean": 171.03,
    "results_number_output_tokens_min": "165",
    "results_number_output_tokens_max": "181",
    "results_number_output_tokens_stddev": 3.6082257314770274,
    "results_num_requests_started": 100,
    "results_error_rate": 0.0,
    "results_number_errors": 0,
    "results_error_code_frequency": "{}",
    "results_mean_output_throughput_token_per_s": 393.85527111661446,
    "results_num_completed_requests": 100,
    "results_num_completed_requests_per_min": 138.17059151608996,
    "results_duration_s": 43.424580688006245,
    "results_infra_cost_$": 0.007719925455645554,
    "results_total_input_tokens": "15000",
    "results_total_output_tokens": "17103",
    "results_cost_usd_per_1k_requests": 0.07719925455645554,
    "results_output_cost_usd_per_1m_tokens": 0.45137843978515785,
    "timestamp": 1738785272
}