{
    "version": "2023-08-31",
    "name": "deepseek-ai-DeepSeek-R1-Distill-Llama-8B_550_550_summary",
    "model": "deepseek-ai/DeepSeek-R1-Distill-Llama-8B",
    "mean_input_tokens": 550,
    "stddev_input_tokens": 0,
    "mean_output_tokens": 550,
    "stddev_output_tokens": 0,
    "num_concurrent_requests": 20,
    "results_inter_token_latency_s_quantiles_p25": 0.02408667815779071,
    "results_inter_token_latency_s_quantiles_p50": 0.024325356285077183,
    "results_inter_token_latency_s_quantiles_p75": 0.024492177622636186,
    "results_inter_token_latency_s_quantiles_p90": 0.024822940872214865,
    "results_inter_token_latency_s_quantiles_p95": 0.025091941811324264,
    "results_inter_token_latency_s_quantiles_p99": 0.025202592536846556,
    "results_inter_token_latency_s_mean": 0.024326177893236975,
    "results_inter_token_latency_s_min": 0.02347909069122662,
    "results_inter_token_latency_s_max": 0.02570374747958542,
    "results_inter_token_latency_s_stddev": 0.0003874394535165358,
    "results_ttft_s_quantiles_p25": 0.4348439557434176,
    "results_ttft_s_quantiles_p50": 0.498451464518439,
    "results_ttft_s_quantiles_p75": 0.562136330496287,
    "results_ttft_s_quantiles_p90": 0.6964469473023202,
    "results_ttft_s_quantiles_p95": 0.7542371725139674,
    "results_ttft_s_quantiles_p99": 0.9172233424789739,
    "results_ttft_s_mean": 0.5128730744618224,
    "results_ttft_s_min": 0.27501388697419316,
    "results_ttft_s_max": 0.9276292800204828,
    "results_ttft_s_stddev": 0.13178163428836384,
    "results_end_to_end_latency_s_quantiles_p25": 13.245807400744525,
    "results_end_to_end_latency_s_quantiles_p50": 13.378552017500624,
    "results_end_to_end_latency_s_quantiles_p75": 13.461408886993013,
    "results_end_to_end_latency_s_quantiles_p90": 13.6372088179196,
    "results_end_to_end_latency_s_quantiles_p95": 13.727852065772458,
    "results_end_to_end_latency_s_quantiles_p99": 13.839097068483243,
    "results_end_to_end_latency_s_mean": 13.312869471400337,
    "results_end_to_end_latency_s_min": 7.440432360017439,
    "results_end_to_end_latency_s_max": 13.85892572501325,
    "results_end_to_end_latency_s_stddev": 0.6255766373233526,
    "results_request_output_throughput_token_per_s_quantiles_p25": 45.763346909348456,
    "results_request_output_throughput_token_per_s_quantiles_p50": 46.594368047416296,
    "results_request_output_throughput_token_per_s_quantiles_p75": 47.37076346359629,
    "results_request_output_throughput_token_per_s_quantiles_p90": 48.2549996570578,
    "results_request_output_throughput_token_per_s_quantiles_p95": 48.46125511201684,
    "results_request_output_throughput_token_per_s_quantiles_p99": 49.2141821885512,
    "results_request_output_throughput_token_per_s_mean": 46.739546540777944,
    "results_request_output_throughput_token_per_s_min": 43.87235459093504,
    "results_request_output_throughput_token_per_s_max": 64.6662860151733,
    "results_request_output_throughput_token_per_s_stddev": 2.1582008764224003,
    "results_number_input_tokens_quantiles_p25": 550.0,
    "results_number_input_tokens_quantiles_p50": 550.0,
    "results_number_input_tokens_quantiles_p75": 550.0,
    "results_number_input_tokens_quantiles_p90": 550.0,
    "results_number_input_tokens_quantiles_p95": 550.0,
    "results_number_input_tokens_quantiles_p99": 550.0,
    "results_number_input_tokens_mean": 550.0,
    "results_number_input_tokens_min": "550",
    "results_number_input_tokens_max": "550",
    "results_number_input_tokens_stddev": 0.0,
    "results_number_output_tokens_quantiles_p25": 614.0,
    "results_number_output_tokens_quantiles_p50": 621.0,
    "results_number_output_tokens_quantiles_p75": 631.0,
    "results_number_output_tokens_quantiles_p90": 643.0,
    "results_number_output_tokens_quantiles_p95": 645.2,
    "results_number_output_tokens_quantiles_p99": 659.980000000001,
    "results_number_output_tokens_mean": 622.19,
    "results_number_output_tokens_min": "334",
    "results_number_output_tokens_max": "856",
    "results_number_output_tokens_stddev": 39.39407097880122,
    "results_num_requests_started": 100,
    "results_error_rate": 0.0,
    "results_number_errors": 0,
    "results_error_code_frequency": "{}",
    "results_mean_output_throughput_token_per_s": 760.8468277701495,
    "results_num_completed_requests": 100,
    "results_num_completed_requests_per_min": 73.37117225639912,
    "results_duration_s": 81.77598661000957,
    "results_infra_cost_$": 0.01453795317511281,
    "results_total_input_tokens": "55000",
    "results_total_output_tokens": "62219",
    "results_cost_usd_per_1k_requests": 0.1453795317511281,
    "results_output_cost_usd_per_1m_tokens": 0.23365777616343578,
    "timestamp": 1738786626
}