{
    "version": "2023-08-31",
    "name": "deepseek-ai-DeepSeek-R1-Distill-Llama-8B_150_150_summary",
    "model": "deepseek-ai/DeepSeek-R1-Distill-Llama-8B",
    "mean_input_tokens": 150,
    "stddev_input_tokens": 0,
    "mean_output_tokens": 150,
    "stddev_output_tokens": 0,
    "num_concurrent_requests": 40,
    "results_inter_token_latency_s_quantiles_p25": 0.025901797598732325,
    "results_inter_token_latency_s_quantiles_p50": 0.02659080929355696,
    "results_inter_token_latency_s_quantiles_p75": 0.027066563580107564,
    "results_inter_token_latency_s_quantiles_p90": 0.02743179621656115,
    "results_inter_token_latency_s_quantiles_p95": 0.027734104125857507,
    "results_inter_token_latency_s_quantiles_p99": 0.028671180831425593,
    "results_inter_token_latency_s_mean": 0.026544005961240805,
    "results_inter_token_latency_s_min": 0.02474631206675743,
    "results_inter_token_latency_s_max": 0.028701359953265636,
    "results_inter_token_latency_s_stddev": 0.0008117004890967751,
    "results_ttft_s_quantiles_p25": 0.3598457877524197,
    "results_ttft_s_quantiles_p50": 0.40208483597962186,
    "results_ttft_s_quantiles_p75": 0.4852805670161615,
    "results_ttft_s_quantiles_p90": 0.5509525573899737,
    "results_ttft_s_quantiles_p95": 0.6179586797006777,
    "results_ttft_s_quantiles_p99": 0.7372949204876208,
    "results_ttft_s_mean": 0.4190453857294051,
    "results_ttft_s_min": 0.2042292560217902,
    "results_ttft_s_max": 0.8154919020016678,
    "results_ttft_s_stddev": 0.11709327230946813,
    "results_end_to_end_latency_s_quantiles_p25": 3.8854068545042537,
    "results_end_to_end_latency_s_quantiles_p50": 3.988766628492158,
    "results_end_to_end_latency_s_quantiles_p75": 4.060205853260413,
    "results_end_to_end_latency_s_quantiles_p90": 4.114901833291515,
    "results_end_to_end_latency_s_quantiles_p95": 4.160311417996127,
    "results_end_to_end_latency_s_quantiles_p99": 4.300925585285004,
    "results_end_to_end_latency_s_mean": 3.981812964639394,
    "results_end_to_end_latency_s_min": 3.7120763910061214,
    "results_end_to_end_latency_s_max": 4.30539467302151,
    "results_end_to_end_latency_s_stddev": 0.12175246815722159,
    "results_request_output_throughput_token_per_s_quantiles_p25": 41.74023020688131,
    "results_request_output_throughput_token_per_s_quantiles_p50": 43.093833471586464,
    "results_request_output_throughput_token_per_s_quantiles_p75": 44.41038654272025,
    "results_request_output_throughput_token_per_s_quantiles_p90": 45.43051604636934,
    "results_request_output_throughput_token_per_s_quantiles_p95": 45.900723798964215,
    "results_request_output_throughput_token_per_s_quantiles_p99": 47.103122304847204,
    "results_request_output_throughput_token_per_s_mean": 43.196186197983764,
    "results_request_output_throughput_token_per_s_min": 39.52679044526682,
    "results_request_output_throughput_token_per_s_max": 48.52426641297042,
    "results_request_output_throughput_token_per_s_stddev": 1.7585328469415291,
    "results_number_input_tokens_quantiles_p25": 150.0,
    "results_number_input_tokens_quantiles_p50": 150.0,
    "results_number_input_tokens_quantiles_p75": 150.0,
    "results_number_input_tokens_quantiles_p90": 150.0,
    "results_number_input_tokens_quantiles_p95": 150.0,
    "results_number_input_tokens_quantiles_p99": 150.0,
    "results_number_input_tokens_mean": 150.0,
    "results_number_input_tokens_min": "150",
    "results_number_input_tokens_max": "150",
    "results_number_input_tokens_stddev": 0.0,
    "results_number_output_tokens_quantiles_p25": 169.0,
    "results_number_output_tokens_quantiles_p50": 172.0,
    "results_number_output_tokens_quantiles_p75": 174.0,
    "results_number_output_tokens_quantiles_p90": 178.0,
    "results_number_output_tokens_quantiles_p95": 180.05,
    "results_number_output_tokens_quantiles_p99": 185.07000000000005,
    "results_number_output_tokens_mean": 171.84,
    "results_number_output_tokens_min": "163",
    "results_number_output_tokens_max": "192",
    "results_number_output_tokens_stddev": 4.6334750359844294,
    "results_num_requests_started": 100,
    "results_error_rate": 0.0,
    "results_number_errors": 0,
    "results_error_code_frequency": "{}",
    "results_mean_output_throughput_token_per_s": 936.2156055169374,
    "results_num_completed_requests": 100,
    "results_num_completed_requests_per_min": 326.8909237140145,
    "results_duration_s": 18.354746383993188,
    "results_infra_cost_$": 0.003263066023821011,
    "results_total_input_tokens": "15000",
    "results_total_output_tokens": "17184",
    "results_cost_usd_per_1k_requests": 0.03263066023821011,
    "results_output_cost_usd_per_1m_tokens": 0.18988978257803835,
    "timestamp": 1738785489
}