{
    "version": "2023-08-31",
    "name": "deepseek-ai-DeepSeek-R1-Distill-Llama-8B_150_550_summary",
    "model": "deepseek-ai/DeepSeek-R1-Distill-Llama-8B",
    "mean_input_tokens": 150,
    "stddev_input_tokens": 0,
    "mean_output_tokens": 550,
    "stddev_output_tokens": 0,
    "num_concurrent_requests": 20,
    "results_inter_token_latency_s_quantiles_p25": 0.023614074154426238,
    "results_inter_token_latency_s_quantiles_p50": 0.023784407375773017,
    "results_inter_token_latency_s_quantiles_p75": 0.023933196439860173,
    "results_inter_token_latency_s_quantiles_p90": 0.024106483747600577,
    "results_inter_token_latency_s_quantiles_p95": 0.02417944774460524,
    "results_inter_token_latency_s_quantiles_p99": 0.024467680800454267,
    "results_inter_token_latency_s_mean": 0.023795021616140315,
    "results_inter_token_latency_s_min": 0.023216162025293505,
    "results_inter_token_latency_s_max": 0.024692189309121617,
    "results_inter_token_latency_s_stddev": 0.00024512667929726934,
    "results_ttft_s_quantiles_p25": 0.3349399962389725,
    "results_ttft_s_quantiles_p50": 0.37981346050219145,
    "results_ttft_s_quantiles_p75": 0.4199943449930288,
    "results_ttft_s_quantiles_p90": 0.4930875020974782,
    "results_ttft_s_quantiles_p95": 0.6032038415170973,
    "results_ttft_s_quantiles_p99": 0.7843737509072531,
    "results_ttft_s_mean": 0.39334457627875963,
    "results_ttft_s_min": 0.2257833199982997,
    "results_ttft_s_max": 0.9057630869792774,
    "results_ttft_s_stddev": 0.1070159297096341,
    "results_end_to_end_latency_s_quantiles_p25": 12.9676563680041,
    "results_end_to_end_latency_s_quantiles_p50": 13.034011027484667,
    "results_end_to_end_latency_s_quantiles_p75": 13.154579160742287,
    "results_end_to_end_latency_s_quantiles_p90": 13.258823082005256,
    "results_end_to_end_latency_s_quantiles_p95": 13.298933650004619,
    "results_end_to_end_latency_s_quantiles_p99": 13.457547831684934,
    "results_end_to_end_latency_s_mean": 12.788790518490423,
    "results_end_to_end_latency_s_min": 6.802625907002948,
    "results_end_to_end_latency_s_max": 13.580966152017936,
    "results_end_to_end_latency_s_stddev": 0.9614398670012,
    "results_request_output_throughput_token_per_s_quantiles_p25": 47.049391138003465,
    "results_request_output_throughput_token_per_s_quantiles_p50": 47.657912801321615,
    "results_request_output_throughput_token_per_s_quantiles_p75": 48.820965734058646,
    "results_request_output_throughput_token_per_s_quantiles_p90": 49.26184362736628,
    "results_request_output_throughput_token_per_s_quantiles_p95": 49.72807973746979,
    "results_request_output_throughput_token_per_s_quantiles_p99": 50.78131842893801,
    "results_request_output_throughput_token_per_s_mean": 47.94859540949797,
    "results_request_output_throughput_token_per_s_min": 43.95858095201087,
    "results_request_output_throughput_token_per_s_max": 68.4495750151333,
    "results_request_output_throughput_token_per_s_stddev": 2.3922519672191003,
    "results_number_input_tokens_quantiles_p25": 150.0,
    "results_number_input_tokens_quantiles_p50": 150.0,
    "results_number_input_tokens_quantiles_p75": 150.0,
    "results_number_input_tokens_quantiles_p90": 150.0,
    "results_number_input_tokens_quantiles_p95": 150.0,
    "results_number_input_tokens_quantiles_p99": 150.0,
    "results_number_input_tokens_mean": 150.0,
    "results_number_input_tokens_min": "150",
    "results_number_input_tokens_max": "150",
    "results_number_input_tokens_stddev": 0.0,
    "results_number_output_tokens_quantiles_p25": 611.0,
    "results_number_output_tokens_quantiles_p50": 621.0,
    "results_number_output_tokens_quantiles_p75": 634.0,
    "results_number_output_tokens_quantiles_p90": 639.1,
    "results_number_output_tokens_quantiles_p95": 646.0,
    "results_number_output_tokens_quantiles_p99": 663.11,
    "results_number_output_tokens_mean": 612.39,
    "results_number_output_tokens_min": "325",
    "results_number_output_tokens_max": "674",
    "results_number_output_tokens_stddev": 44.10155749786365,
    "results_num_requests_started": 100,
    "results_error_rate": 0.0,
    "results_number_errors": 0,
    "results_error_code_frequency": "{}",
    "results_mean_output_throughput_token_per_s": 763.1236855126574,
    "results_num_completed_requests": 100,
    "results_num_completed_requests_per_min": 74.76840106918702,
    "results_duration_s": 80.24780407498474,
    "results_infra_cost_$": 0.014266276279997287,
    "results_total_input_tokens": "15000",
    "results_total_output_tokens": "61239",
    "results_cost_usd_per_1k_requests": 0.14266276279997286,
    "results_output_cost_usd_per_1m_tokens": 0.23296063423630836,
    "timestamp": 1738786382
}