{
    "version": "2023-08-31",
    "name": "deepseek-ai-DeepSeek-R1-Distill-Llama-8B_1000_1000_summary",
    "model": "deepseek-ai/DeepSeek-R1-Distill-Llama-8B",
    "mean_input_tokens": 1000,
    "stddev_input_tokens": 0,
    "mean_output_tokens": 1000,
    "stddev_output_tokens": 0,
    "num_concurrent_requests": 20,
    "results_inter_token_latency_s_quantiles_p25": 0.024002773742315187,
    "results_inter_token_latency_s_quantiles_p50": 0.024197006347501684,
    "results_inter_token_latency_s_quantiles_p75": 0.02455260369535245,
    "results_inter_token_latency_s_quantiles_p90": 0.02487345840920126,
    "results_inter_token_latency_s_quantiles_p95": 0.02507515571890713,
    "results_inter_token_latency_s_quantiles_p99": 0.025857114741552403,
    "results_inter_token_latency_s_mean": 0.024490220962627512,
    "results_inter_token_latency_s_min": 0.023749656730040442,
    "results_inter_token_latency_s_max": 0.042648119228397265,
    "results_inter_token_latency_s_stddev": 0.0018754391358830611,
    "results_ttft_s_quantiles_p25": 0.502183326985687,
    "results_ttft_s_quantiles_p50": 0.5701043775043217,
    "results_ttft_s_quantiles_p75": 0.7911010312309372,
    "results_ttft_s_quantiles_p90": 0.9620467729051598,
    "results_ttft_s_quantiles_p95": 1.016887197451433,
    "results_ttft_s_quantiles_p99": 1.3774939196993372,
    "results_ttft_s_mean": 0.6523015866306378,
    "results_ttft_s_min": 0.34378201499930583,
    "results_ttft_s_max": 1.5465579720039386,
    "results_ttft_s_stddev": 0.22792712821543057,
    "results_end_to_end_latency_s_quantiles_p25": 23.86550488274952,
    "results_end_to_end_latency_s_quantiles_p50": 24.136634546506684,
    "results_end_to_end_latency_s_quantiles_p75": 24.399153643760656,
    "results_end_to_end_latency_s_quantiles_p90": 24.60368480438774,
    "results_end_to_end_latency_s_quantiles_p95": 24.81799841042375,
    "results_end_to_end_latency_s_quantiles_p99": 24.989786912896673,
    "results_end_to_end_latency_s_mean": 23.12536728691048,
    "results_end_to_end_latency_s_min": 1.7266758620098699,
    "results_end_to_end_latency_s_max": 25.06947784399381,
    "results_end_to_end_latency_s_stddev": 3.351976324452093,
    "results_request_output_throughput_token_per_s_quantiles_p25": 46.73334548768108,
    "results_request_output_throughput_token_per_s_quantiles_p50": 47.39052757333691,
    "results_request_output_throughput_token_per_s_quantiles_p75": 48.477318621474964,
    "results_request_output_throughput_token_per_s_quantiles_p90": 49.305026972702734,
    "results_request_output_throughput_token_per_s_quantiles_p95": 49.58303692812523,
    "results_request_output_throughput_token_per_s_quantiles_p99": 50.84985900084967,
    "results_request_output_throughput_token_per_s_mean": 47.52308339586752,
    "results_request_output_throughput_token_per_s_min": 27.219932260645304,
    "results_request_output_throughput_token_per_s_max": 63.25441868149235,
    "results_request_output_throughput_token_per_s_stddev": 2.870583927395291,
    "results_number_input_tokens_quantiles_p25": 1000.0,
    "results_number_input_tokens_quantiles_p50": 1000.0,
    "results_number_input_tokens_quantiles_p75": 1000.0,
    "results_number_input_tokens_quantiles_p90": 1000.0,
    "results_number_input_tokens_quantiles_p95": 1000.0,
    "results_number_input_tokens_quantiles_p99": 1000.0,
    "results_number_input_tokens_mean": 1000.0,
    "results_number_input_tokens_min": "1000",
    "results_number_input_tokens_max": "1000",
    "results_number_input_tokens_stddev": 0.0,
    "results_number_output_tokens_quantiles_p25": 1124.75,
    "results_number_output_tokens_quantiles_p50": 1147.0,
    "results_number_output_tokens_quantiles_p75": 1171.0,
    "results_number_output_tokens_quantiles_p90": 1185.1,
    "results_number_output_tokens_quantiles_p95": 1192.05,
    "results_number_output_tokens_quantiles_p99": 1219.4200000000012,
    "results_number_output_tokens_mean": 1103.7,
    "results_number_output_tokens_min": "47",
    "results_number_output_tokens_max": "1459",
    "results_number_output_tokens_stddev": 168.2058323013861,
    "results_num_requests_started": 100,
    "results_error_rate": 0.0,
    "results_number_errors": 0,
    "results_error_code_frequency": "{}",
    "results_mean_output_throughput_token_per_s": 751.7301854027739,
    "results_num_completed_requests": 100,
    "results_num_completed_requests_per_min": 40.866006273594664,
    "results_duration_s": 146.8212959159864,
    "results_infra_cost_$": 0.026101563718397582,
    "results_total_input_tokens": "100000",
    "results_total_output_tokens": "110370",
    "results_cost_usd_per_1k_requests": 0.2610156371839758,
    "results_output_cost_usd_per_1m_tokens": 0.23649147158102365,
    "timestamp": 1738793260
}