{
    "version": "2023-08-31",
    "name": "deepseek-ai-DeepSeek-R1-Distill-Llama-8B_2000_1000_summary",
    "model": "deepseek-ai/DeepSeek-R1-Distill-Llama-8B",
    "mean_input_tokens": 2000,
    "stddev_input_tokens": 0,
    "mean_output_tokens": 1000,
    "stddev_output_tokens": 0,
    "num_concurrent_requests": 20,
    "results_inter_token_latency_s_quantiles_p25": 0.025050702518468453,
    "results_inter_token_latency_s_quantiles_p50": 0.025345345628215,
    "results_inter_token_latency_s_quantiles_p75": 0.02567105763300788,
    "results_inter_token_latency_s_quantiles_p90": 0.02608165061537584,
    "results_inter_token_latency_s_quantiles_p95": 0.026189875115556267,
    "results_inter_token_latency_s_quantiles_p99": 0.027020090569394892,
    "results_inter_token_latency_s_mean": 0.02540866385666931,
    "results_inter_token_latency_s_min": 0.024444943299808074,
    "results_inter_token_latency_s_max": 0.02755998158583186,
    "results_inter_token_latency_s_stddev": 0.0005335941441749948,
    "results_ttft_s_quantiles_p25": 0.6767558642313816,
    "results_ttft_s_quantiles_p50": 0.714504242525436,
    "results_ttft_s_quantiles_p75": 1.0852356080067693,
    "results_ttft_s_quantiles_p90": 1.446989722500439,
    "results_ttft_s_quantiles_p95": 1.513629851004225,
    "results_ttft_s_quantiles_p99": 1.7060153132691633,
    "results_ttft_s_mean": 0.8785668199506472,
    "results_ttft_s_min": 0.4318557980004698,
    "results_ttft_s_max": 1.7779431980161462,
    "results_ttft_s_stddev": 0.3290127084005708,
    "results_end_to_end_latency_s_quantiles_p25": 24.93048974624253,
    "results_end_to_end_latency_s_quantiles_p50": 25.227671633008868,
    "results_end_to_end_latency_s_quantiles_p75": 25.588018005764752,
    "results_end_to_end_latency_s_quantiles_p90": 25.82630676900444,
    "results_end_to_end_latency_s_quantiles_p95": 26.09641850091284,
    "results_end_to_end_latency_s_quantiles_p99": 26.564043275195875,
    "results_end_to_end_latency_s_mean": 24.530073719040374,
    "results_end_to_end_latency_s_min": 10.992789198993705,
    "results_end_to_end_latency_s_max": 26.82823083200492,
    "results_end_to_end_latency_s_stddev": 2.6621025242019623,
    "results_request_output_throughput_token_per_s_quantiles_p25": 44.37619361395178,
    "results_request_output_throughput_token_per_s_quantiles_p50": 45.197429961354814,
    "results_request_output_throughput_token_per_s_quantiles_p75": 46.2204014408358,
    "results_request_output_throughput_token_per_s_quantiles_p90": 47.00829523711688,
    "results_request_output_throughput_token_per_s_quantiles_p95": 47.22776806288455,
    "results_request_output_throughput_token_per_s_quantiles_p99": 48.029339867884715,
    "results_request_output_throughput_token_per_s_mean": 45.20067813337575,
    "results_request_output_throughput_token_per_s_min": 41.57270659222997,
    "results_request_output_throughput_token_per_s_max": 48.33930587962735,
    "results_request_output_throughput_token_per_s_stddev": 1.3590841559656415,
    "results_number_input_tokens_quantiles_p25": 2000.0,
    "results_number_input_tokens_quantiles_p50": 2000.0,
    "results_number_input_tokens_quantiles_p75": 2000.0,
    "results_number_input_tokens_quantiles_p90": 2000.0,
    "results_number_input_tokens_quantiles_p95": 2000.0,
    "results_number_input_tokens_quantiles_p99": 2000.0,
    "results_number_input_tokens_mean": 2000.0,
    "results_number_input_tokens_min": "2000",
    "results_number_input_tokens_max": "2000",
    "results_number_input_tokens_stddev": 0.0,
    "results_number_output_tokens_quantiles_p25": 1122.0,
    "results_number_output_tokens_quantiles_p50": 1144.5,
    "results_number_output_tokens_quantiles_p75": 1162.0,
    "results_number_output_tokens_quantiles_p90": 1176.1,
    "results_number_output_tokens_quantiles_p95": 1188.4,
    "results_number_output_tokens_quantiles_p99": 1207.01,
    "results_number_output_tokens_mean": 1109.62,
    "results_number_output_tokens_min": "457",
    "results_number_output_tokens_max": "1208",
    "results_number_output_tokens_stddev": 127.5462902699101,
    "results_num_requests_started": 100,
    "results_error_rate": 0.0,
    "results_number_errors": 0,
    "results_error_code_frequency": "{}",
    "results_mean_output_throughput_token_per_s": 722.9261462910054,
    "results_num_completed_requests": 100,
    "results_num_completed_requests_per_min": 39.09047131221528,
    "results_duration_s": 153.49009102699347,
    "results_infra_cost_$": 0.027287127293687725,
    "results_total_input_tokens": "200000",
    "results_total_output_tokens": "110962",
    "results_cost_usd_per_1k_requests": 0.27287127293687724,
    "results_output_cost_usd_per_1m_tokens": 0.24591416244919634,
    "timestamp": 1738793580
}