{
    "version": "2023-08-31",
    "name": "deepseek-ai-DeepSeek-R1-Distill-Llama-8B_150_150_summary",
    "model": "deepseek-ai/DeepSeek-R1-Distill-Llama-8B",
    "mean_input_tokens": 150,
    "stddev_input_tokens": 0,
    "mean_output_tokens": 150,
    "stddev_output_tokens": 0,
    "num_concurrent_requests": 80,
    "results_inter_token_latency_s_quantiles_p25": 0.028251594404185502,
    "results_inter_token_latency_s_quantiles_p50": 0.028658640120120253,
    "results_inter_token_latency_s_quantiles_p75": 0.029541953501175156,
    "results_inter_token_latency_s_quantiles_p90": 0.030714785060767705,
    "results_inter_token_latency_s_quantiles_p95": 0.03119630077626789,
    "results_inter_token_latency_s_quantiles_p99": 0.031710359498148315,
    "results_inter_token_latency_s_mean": 0.029044285431133653,
    "results_inter_token_latency_s_min": 0.027621324799062374,
    "results_inter_token_latency_s_max": 0.0321364137128694,
    "results_inter_token_latency_s_stddev": 0.0010342823650559814,
    "results_ttft_s_quantiles_p25": 0.3773727494990453,
    "results_ttft_s_quantiles_p50": 0.42819550198328216,
    "results_ttft_s_quantiles_p75": 0.5253936260196497,
    "results_ttft_s_quantiles_p90": 0.6582763166050427,
    "results_ttft_s_quantiles_p95": 0.682495962746907,
    "results_ttft_s_quantiles_p99": 0.7265662716198138,
    "results_ttft_s_mean": 0.46436284678260564,
    "results_ttft_s_min": 0.2811771570122801,
    "results_ttft_s_max": 0.8782982869888656,
    "results_ttft_s_stddev": 0.11665403497648862,
    "results_end_to_end_latency_s_quantiles_p25": 4.23839220948139,
    "results_end_to_end_latency_s_quantiles_p50": 4.299127243517432,
    "results_end_to_end_latency_s_quantiles_p75": 4.447473146501579,
    "results_end_to_end_latency_s_quantiles_p90": 4.607908729201881,
    "results_end_to_end_latency_s_quantiles_p95": 4.67960305500892,
    "results_end_to_end_latency_s_quantiles_p99": 4.757238529645547,
    "results_end_to_end_latency_s_mean": 4.357576263431692,
    "results_end_to_end_latency_s_min": 4.143396759987809,
    "results_end_to_end_latency_s_max": 4.820640766993165,
    "results_end_to_end_latency_s_stddev": 0.1554407039155106,
    "results_request_output_throughput_token_per_s_quantiles_p25": 38.452173023787296,
    "results_request_output_throughput_token_per_s_quantiles_p50": 39.52834357986631,
    "results_request_output_throughput_token_per_s_quantiles_p75": 40.31467205417998,
    "results_request_output_throughput_token_per_s_quantiles_p90": 41.03963667073494,
    "results_request_output_throughput_token_per_s_quantiles_p95": 41.36923065201893,
    "results_request_output_throughput_token_per_s_quantiles_p99": 42.88452516536619,
    "results_request_output_throughput_token_per_s_mean": 39.373267936677856,
    "results_request_output_throughput_token_per_s_min": 35.03867470590822,
    "results_request_output_throughput_token_per_s_max": 43.03904648506759,
    "results_request_output_throughput_token_per_s_stddev": 1.4523178535974084,
    "results_number_input_tokens_quantiles_p25": 150.0,
    "results_number_input_tokens_quantiles_p50": 150.0,
    "results_number_input_tokens_quantiles_p75": 150.0,
    "results_number_input_tokens_quantiles_p90": 150.0,
    "results_number_input_tokens_quantiles_p95": 150.0,
    "results_number_input_tokens_quantiles_p99": 150.0,
    "results_number_input_tokens_mean": 150.0,
    "results_number_input_tokens_min": "150",
    "results_number_input_tokens_max": "150",
    "results_number_input_tokens_stddev": 0.0,
    "results_number_output_tokens_quantiles_p25": 169.0,
    "results_number_output_tokens_quantiles_p50": 172.0,
    "results_number_output_tokens_quantiles_p75": 174.0,
    "results_number_output_tokens_quantiles_p90": 176.0,
    "results_number_output_tokens_quantiles_p95": 177.0,
    "results_number_output_tokens_quantiles_p99": 180.02,
    "results_number_output_tokens_mean": 171.39,
    "results_number_output_tokens_min": "163",
    "results_number_output_tokens_max": "182",
    "results_number_output_tokens_stddev": 3.7359703889986533,
    "results_num_requests_started": 100,
    "results_error_rate": 0.0,
    "results_number_errors": 0,
    "results_error_code_frequency": "{}",
    "results_mean_output_throughput_token_per_s": 1189.7327264397331,
    "results_num_completed_requests": 100,
    "results_num_completed_requests_per_min": 416.5001667914346,
    "results_duration_s": 14.40575653599808,
    "results_infra_cost_$": 0.0025610233841774363,
    "results_total_input_tokens": "15000",
    "results_total_output_tokens": "17139",
    "results_cost_usd_per_1k_requests": 0.02561023384177436,
    "results_output_cost_usd_per_1m_tokens": 0.14942665174032535,
    "timestamp": 1738785673
}