{
    "version": "2023-08-31",
    "name": "deepseek-ai-DeepSeek-R1-Distill-Llama-8B_150_150_summary",
    "model": "deepseek-ai/DeepSeek-R1-Distill-Llama-8B",
    "mean_input_tokens": 150,
    "stddev_input_tokens": 0,
    "mean_output_tokens": 150,
    "stddev_output_tokens": 0,
    "num_concurrent_requests": 20,
    "results_inter_token_latency_s_quantiles_p25": 0.025133759595482842,
    "results_inter_token_latency_s_quantiles_p50": 0.025820786573167425,
    "results_inter_token_latency_s_quantiles_p75": 0.026919774693378713,
    "results_inter_token_latency_s_quantiles_p90": 0.02856884304453464,
    "results_inter_token_latency_s_quantiles_p95": 0.030060682359006018,
    "results_inter_token_latency_s_quantiles_p99": 0.03597119370324654,
    "results_inter_token_latency_s_mean": 0.02639155517575952,
    "results_inter_token_latency_s_min": 0.024030537159803012,
    "results_inter_token_latency_s_max": 0.03659323882078752,
    "results_inter_token_latency_s_stddev": 0.002261422294479449,
    "results_ttft_s_quantiles_p25": 0.32866279849986313,
    "results_ttft_s_quantiles_p50": 0.3872760920057772,
    "results_ttft_s_quantiles_p75": 0.4757017997399089,
    "results_ttft_s_quantiles_p90": 0.6107679675187684,
    "results_ttft_s_quantiles_p95": 0.6810701282083754,
    "results_ttft_s_quantiles_p99": 1.7059262893363492,
    "results_ttft_s_mean": 0.446302218210476,
    "results_ttft_s_min": 0.1868255519948434,
    "results_ttft_s_max": 1.8398808460042346,
    "results_ttft_s_stddev": 0.27191059800353845,
    "results_end_to_end_latency_s_quantiles_p25": 3.770186531241052,
    "results_end_to_end_latency_s_quantiles_p50": 3.8732358175184345,
    "results_end_to_end_latency_s_quantiles_p75": 4.038137841998832,
    "results_end_to_end_latency_s_quantiles_p90": 4.285458219997236,
    "results_end_to_end_latency_s_quantiles_p95": 4.509218381244863,
    "results_end_to_end_latency_s_quantiles_p99": 5.3957875504464035,
    "results_end_to_end_latency_s_mean": 3.959059851388738,
    "results_end_to_end_latency_s_min": 3.6046790899999905,
    "results_end_to_end_latency_s_max": 5.4890780659916345,
    "results_end_to_end_latency_s_stddev": 0.3391752868018828,
    "results_request_output_throughput_token_per_s_quantiles_p25": 42.29770915176017,
    "results_request_output_throughput_token_per_s_quantiles_p50": 43.85590872875436,
    "results_request_output_throughput_token_per_s_quantiles_p75": 45.344429048429376,
    "results_request_output_throughput_token_per_s_quantiles_p90": 46.884050093336754,
    "results_request_output_throughput_token_per_s_quantiles_p95": 47.910255995210086,
    "results_request_output_throughput_token_per_s_quantiles_p99": 48.542516602251524,
    "results_request_output_throughput_token_per_s_mean": 43.44994817041331,
    "results_request_output_throughput_token_per_s_min": 30.606232591383232,
    "results_request_output_throughput_token_per_s_max": 48.88275926715253,
    "results_request_output_throughput_token_per_s_stddev": 3.3687129019325,
    "results_number_input_tokens_quantiles_p25": 150.0,
    "results_number_input_tokens_quantiles_p50": 150.0,
    "results_number_input_tokens_quantiles_p75": 150.0,
    "results_number_input_tokens_quantiles_p90": 150.0,
    "results_number_input_tokens_quantiles_p95": 150.0,
    "results_number_input_tokens_quantiles_p99": 150.0,
    "results_number_input_tokens_mean": 150.0,
    "results_number_input_tokens_min": "150",
    "results_number_input_tokens_max": "150",
    "results_number_input_tokens_stddev": 0.0,
    "results_number_output_tokens_quantiles_p25": 168.0,
    "results_number_output_tokens_quantiles_p50": 171.0,
    "results_number_output_tokens_quantiles_p75": 174.0,
    "results_number_output_tokens_quantiles_p90": 176.0,
    "results_number_output_tokens_quantiles_p95": 176.0,
    "results_number_output_tokens_quantiles_p99": 180.03000000000003,
    "results_number_output_tokens_mean": 170.95,
    "results_number_output_tokens_min": "163",
    "results_number_output_tokens_max": "183",
    "results_number_output_tokens_stddev": 3.756139754932696,
    "results_num_requests_started": 100,
    "results_error_rate": 0.0,
    "results_number_errors": 0,
    "results_error_code_frequency": "{}",
    "results_mean_output_throughput_token_per_s": 666.3463348771845,
    "results_num_completed_requests": 100,
    "results_num_completed_requests_per_min": 233.8741157802344,
    "results_duration_s": 25.65482708500349,
    "results_infra_cost_$": 0.0045608581484450645,
    "results_total_input_tokens": "15000",
    "results_total_output_tokens": "17095",
    "results_cost_usd_per_1k_requests": 0.04560858148445065,
    "results_output_cost_usd_per_1m_tokens": 0.2667948609795299,
    "timestamp": 1738784684
}