{
    "version": "2023-08-31",
    "name": "deepseek-ai-DeepSeek-R1-Distill-Llama-8B_550_150_summary",
    "model": "deepseek-ai/DeepSeek-R1-Distill-Llama-8B",
    "mean_input_tokens": 550,
    "stddev_input_tokens": 0,
    "mean_output_tokens": 150,
    "stddev_output_tokens": 0,
    "num_concurrent_requests": 20,
    "results_inter_token_latency_s_quantiles_p25": 0.026305455342517235,
    "results_inter_token_latency_s_quantiles_p50": 0.026855293769816248,
    "results_inter_token_latency_s_quantiles_p75": 0.027651644499273972,
    "results_inter_token_latency_s_quantiles_p90": 0.028669300303949666,
    "results_inter_token_latency_s_quantiles_p95": 0.02894430824902762,
    "results_inter_token_latency_s_quantiles_p99": 0.03029217236589177,
    "results_inter_token_latency_s_mean": 0.02714175385241396,
    "results_inter_token_latency_s_min": 0.02459974883279453,
    "results_inter_token_latency_s_max": 0.03534967252460774,
    "results_inter_token_latency_s_stddev": 0.001353241285709251,
    "results_ttft_s_quantiles_p25": 0.42538801876071375,
    "results_ttft_s_quantiles_p50": 0.48710706100973766,
    "results_ttft_s_quantiles_p75": 0.5487128839886282,
    "results_ttft_s_quantiles_p90": 0.6429621379968011,
    "results_ttft_s_quantiles_p95": 0.8017123125493526,
    "results_ttft_s_quantiles_p99": 0.8900942294692537,
    "results_ttft_s_mean": 0.5037791842405568,
    "results_ttft_s_min": 0.2585527990013361,
    "results_ttft_s_max": 1.5233508440142032,
    "results_ttft_s_stddev": 0.16150146539702365,
    "results_end_to_end_latency_s_quantiles_p25": 3.9467348500038497,
    "results_end_to_end_latency_s_quantiles_p50": 4.028463450988056,
    "results_end_to_end_latency_s_quantiles_p75": 4.147867432744533,
    "results_end_to_end_latency_s_quantiles_p90": 4.300855979308835,
    "results_end_to_end_latency_s_quantiles_p95": 4.341771375508688,
    "results_end_to_end_latency_s_quantiles_p99": 4.543998180653438,
    "results_end_to_end_latency_s_mean": 4.07144753677916,
    "results_end_to_end_latency_s_min": 3.6900958030018955,
    "results_end_to_end_latency_s_max": 5.306443678011419,
    "results_end_to_end_latency_s_stddev": 0.2032182130598552,
    "results_request_output_throughput_token_per_s_quantiles_p25": 41.39749872782625,
    "results_request_output_throughput_token_per_s_quantiles_p50": 42.05523410448562,
    "results_request_output_throughput_token_per_s_quantiles_p75": 43.45945127757304,
    "results_request_output_throughput_token_per_s_quantiles_p90": 45.02641310985696,
    "results_request_output_throughput_token_per_s_quantiles_p95": 45.74371973750882,
    "results_request_output_throughput_token_per_s_quantiles_p99": 46.327912390304135,
    "results_request_output_throughput_token_per_s_mean": 42.42895596924528,
    "results_request_output_throughput_token_per_s_min": 32.601872458737084,
    "results_request_output_throughput_token_per_s_max": 63.57145137431166,
    "results_request_output_throughput_token_per_s_stddev": 2.9751753374922636,
    "results_number_input_tokens_quantiles_p25": 550.0,
    "results_number_input_tokens_quantiles_p50": 550.0,
    "results_number_input_tokens_quantiles_p75": 550.0,
    "results_number_input_tokens_quantiles_p90": 550.0,
    "results_number_input_tokens_quantiles_p95": 550.0,
    "results_number_input_tokens_quantiles_p99": 550.0,
    "results_number_input_tokens_mean": 550.0,
    "results_number_input_tokens_min": "550",
    "results_number_input_tokens_max": "550",
    "results_number_input_tokens_stddev": 0.0,
    "results_number_output_tokens_quantiles_p25": 169.0,
    "results_number_output_tokens_quantiles_p50": 171.0,
    "results_number_output_tokens_quantiles_p75": 173.0,
    "results_number_output_tokens_quantiles_p90": 176.10000000000002,
    "results_number_output_tokens_quantiles_p95": 177.05,
    "results_number_output_tokens_quantiles_p99": 184.7500000000004,
    "results_number_output_tokens_mean": 172.37,
    "results_number_output_tokens_min": "164",
    "results_number_output_tokens_max": "259",
    "results_number_output_tokens_stddev": 9.385842551632773,
    "results_num_requests_started": 100,
    "results_error_rate": 0.0,
    "results_number_errors": 0,
    "results_error_code_frequency": "{}",
    "results_mean_output_throughput_token_per_s": 669.1356668482218,
    "results_num_completed_requests": 100,
    "results_num_completed_requests_per_min": 232.918373330007,
    "results_duration_s": 25.760097471997142,
    "results_infra_cost_$": 0.004579572883910602,
    "results_total_input_tokens": "55000",
    "results_total_output_tokens": "17237",
    "results_cost_usd_per_1k_requests": 0.04579572883910602,
    "results_output_cost_usd_per_1m_tokens": 0.26568271067532645,
    "timestamp": 1738786009
}