{
    "version": "2023-08-31",
    "name": "deepseek-ai-DeepSeek-R1-Distill-Llama-8B_150_150_summary",
    "model": "deepseek-ai/DeepSeek-R1-Distill-Llama-8B",
    "mean_input_tokens": 150,
    "stddev_input_tokens": 0,
    "mean_output_tokens": 150,
    "stddev_output_tokens": 0,
    "num_concurrent_requests": 80,
    "results_inter_token_latency_s_quantiles_p25": 0.02273308194077496,
    "results_inter_token_latency_s_quantiles_p50": 0.023067676720772094,
    "results_inter_token_latency_s_quantiles_p75": 0.024069426619244043,
    "results_inter_token_latency_s_quantiles_p90": 0.024464045022788924,
    "results_inter_token_latency_s_quantiles_p95": 0.024808037253475048,
    "results_inter_token_latency_s_quantiles_p99": 0.025148146319263227,
    "results_inter_token_latency_s_mean": 0.023337210906168915,
    "results_inter_token_latency_s_min": 0.02187532781351668,
    "results_inter_token_latency_s_max": 0.025289368445713382,
    "results_inter_token_latency_s_stddev": 0.0008286478145009704,
    "results_ttft_s_quantiles_p25": 0.34577632850414375,
    "results_ttft_s_quantiles_p50": 0.37855676948674954,
    "results_ttft_s_quantiles_p75": 0.43124110701319296,
    "results_ttft_s_quantiles_p90": 0.5085955405927963,
    "results_ttft_s_quantiles_p95": 0.5809507452970137,
    "results_ttft_s_quantiles_p99": 0.7165948698413559,
    "results_ttft_s_mean": 0.40317098144907504,
    "results_ttft_s_min": 0.21323763398686424,
    "results_ttft_s_max": 0.7365877050033305,
    "results_ttft_s_stddev": 0.08912401828040675,
    "results_end_to_end_latency_s_quantiles_p25": 3.41015662423888,
    "results_end_to_end_latency_s_quantiles_p50": 3.4603264364995994,
    "results_end_to_end_latency_s_quantiles_p75": 3.6106370689885807,
    "results_end_to_end_latency_s_quantiles_p90": 3.6697413301153574,
    "results_end_to_end_latency_s_quantiles_p95": 3.721332696045283,
    "results_end_to_end_latency_s_quantiles_p99": 3.7723746507408213,
    "results_end_to_end_latency_s_mean": 3.500798885838594,
    "results_end_to_end_latency_s_min": 3.281432268995559,
    "results_end_to_end_latency_s_max": 3.7935748799936846,
    "results_end_to_end_latency_s_stddev": 0.12422507821820034,
    "results_request_output_throughput_token_per_s_quantiles_p25": 47.23554815133127,
    "results_request_output_throughput_token_per_s_quantiles_p50": 49.25054501105829,
    "results_request_output_throughput_token_per_s_quantiles_p75": 50.67035258184612,
    "results_request_output_throughput_token_per_s_quantiles_p90": 51.57722259165157,
    "results_request_output_throughput_token_per_s_quantiles_p95": 52.12832317125535,
    "results_request_output_throughput_token_per_s_quantiles_p99": 52.91450685037913,
    "results_request_output_throughput_token_per_s_mean": 48.99342878172315,
    "results_request_output_throughput_token_per_s_min": 43.75819780846829,
    "results_request_output_throughput_token_per_s_max": 53.746479765771134,
    "results_request_output_throughput_token_per_s_stddev": 2.1893692615413367,
    "results_number_input_tokens_quantiles_p25": 150.0,
    "results_number_input_tokens_quantiles_p50": 150.0,
    "results_number_input_tokens_quantiles_p75": 150.0,
    "results_number_input_tokens_quantiles_p90": 150.0,
    "results_number_input_tokens_quantiles_p95": 150.0,
    "results_number_input_tokens_quantiles_p99": 150.0,
    "results_number_input_tokens_mean": 150.0,
    "results_number_input_tokens_min": "150",
    "results_number_input_tokens_max": "150",
    "results_number_input_tokens_stddev": 0.0,
    "results_number_output_tokens_quantiles_p25": 169.0,
    "results_number_output_tokens_quantiles_p50": 171.0,
    "results_number_output_tokens_quantiles_p75": 173.0,
    "results_number_output_tokens_quantiles_p90": 175.10000000000002,
    "results_number_output_tokens_quantiles_p95": 177.0,
    "results_number_output_tokens_quantiles_p99": 180.04000000000002,
    "results_number_output_tokens_mean": 171.27,
    "results_number_output_tokens_min": "164",
    "results_number_output_tokens_max": "184",
    "results_number_output_tokens_stddev": 3.2778873462255307,
    "results_num_requests_started": 100,
    "results_error_rate": 0.0,
    "results_number_errors": 0,
    "results_error_code_frequency": "{}",
    "results_mean_output_throughput_token_per_s": 1442.270006089131,
    "results_num_completed_requests": 100,
    "results_num_completed_requests_per_min": 505.2618693603541,
    "results_duration_s": 11.875030283990782,
    "results_infra_cost_$": 0.0034305643042640034,
    "results_total_input_tokens": "15000",
    "results_total_output_tokens": "17127",
    "results_cost_usd_per_1k_requests": 0.034305643042640034,
    "results_output_cost_usd_per_1m_tokens": 0.2003015299973144,
    "timestamp": 1738799037
}