{
    "version": "2023-08-31",
    "name": "deepseek-ai-DeepSeek-R1-Distill-Llama-8B_150_150_summary",
    "model": "deepseek-ai/DeepSeek-R1-Distill-Llama-8B",
    "mean_input_tokens": 150,
    "stddev_input_tokens": 0,
    "mean_output_tokens": 150,
    "stddev_output_tokens": 0,
    "num_concurrent_requests": 40,
    "results_inter_token_latency_s_quantiles_p25": 0.021674745705434664,
    "results_inter_token_latency_s_quantiles_p50": 0.022155126553940745,
    "results_inter_token_latency_s_quantiles_p75": 0.02290160036078305,
    "results_inter_token_latency_s_quantiles_p90": 0.023383430372826603,
    "results_inter_token_latency_s_quantiles_p95": 0.024194746905957194,
    "results_inter_token_latency_s_quantiles_p99": 0.024514306901478752,
    "results_inter_token_latency_s_mean": 0.022328650799902,
    "results_inter_token_latency_s_min": 0.020669534433594285,
    "results_inter_token_latency_s_max": 0.02453313468101745,
    "results_inter_token_latency_s_stddev": 0.0008809987848952594,
    "results_ttft_s_quantiles_p25": 0.33665700376877794,
    "results_ttft_s_quantiles_p50": 0.370736807512003,
    "results_ttft_s_quantiles_p75": 0.43358835425169673,
    "results_ttft_s_quantiles_p90": 0.5689688568090789,
    "results_ttft_s_quantiles_p95": 0.6419725110492435,
    "results_ttft_s_quantiles_p99": 0.7026373474317371,
    "results_ttft_s_mean": 0.39452721048903183,
    "results_ttft_s_min": 0.19689640298020095,
    "results_ttft_s_max": 0.71844155099825,
    "results_ttft_s_stddev": 0.11035377978540163,
    "results_end_to_end_latency_s_quantiles_p25": 3.251428122006473,
    "results_end_to_end_latency_s_quantiles_p50": 3.323497592500644,
    "results_end_to_end_latency_s_quantiles_p75": 3.4355038959984086,
    "results_end_to_end_latency_s_quantiles_p90": 3.5078854634106396,
    "results_end_to_end_latency_s_quantiles_p95": 3.629344589759421,
    "results_end_to_end_latency_s_quantiles_p99": 3.677286243121198,
    "results_end_to_end_latency_s_mean": 3.349769630630908,
    "results_end_to_end_latency_s_min": 3.1005967909877654,
    "results_end_to_end_latency_s_max": 3.6802060620102566,
    "results_end_to_end_latency_s_stddev": 0.13191032888025603,
    "results_request_output_throughput_token_per_s_quantiles_p25": 49.57577770422344,
    "results_request_output_throughput_token_per_s_quantiles_p50": 51.18099611113428,
    "results_request_output_throughput_token_per_s_quantiles_p75": 52.37291865678906,
    "results_request_output_throughput_token_per_s_quantiles_p90": 53.62044181693426,
    "results_request_output_throughput_token_per_s_quantiles_p95": 54.95898156964008,
    "results_request_output_throughput_token_per_s_quantiles_p99": 57.08624644514486,
    "results_request_output_throughput_token_per_s_mean": 51.14437657607161,
    "results_request_output_throughput_token_per_s_min": 46.230114337256666,
    "results_request_output_throughput_token_per_s_max": 57.1319864131237,
    "results_request_output_throughput_token_per_s_stddev": 2.1814425112096476,
    "results_number_input_tokens_quantiles_p25": 150.0,
    "results_number_input_tokens_quantiles_p50": 150.0,
    "results_number_input_tokens_quantiles_p75": 150.0,
    "results_number_input_tokens_quantiles_p90": 150.0,
    "results_number_input_tokens_quantiles_p95": 150.0,
    "results_number_input_tokens_quantiles_p99": 150.0,
    "results_number_input_tokens_mean": 150.0,
    "results_number_input_tokens_min": "150",
    "results_number_input_tokens_max": "150",
    "results_number_input_tokens_stddev": 0.0,
    "results_number_output_tokens_quantiles_p25": 169.0,
    "results_number_output_tokens_quantiles_p50": 170.0,
    "results_number_output_tokens_quantiles_p75": 173.0,
    "results_number_output_tokens_quantiles_p90": 177.0,
    "results_number_output_tokens_quantiles_p95": 179.05,
    "results_number_output_tokens_quantiles_p99": 182.01,
    "results_number_output_tokens_mean": 171.08,
    "results_number_output_tokens_min": "163",
    "results_number_output_tokens_max": "183",
    "results_number_output_tokens_stddev": 3.8315015386143383,
    "results_num_requests_started": 100,
    "results_error_rate": 0.0,
    "results_number_errors": 0,
    "results_error_code_frequency": "{}",
    "results_mean_output_throughput_token_per_s": 1164.95619114012,
    "results_num_completed_requests": 100,
    "results_num_completed_requests_per_min": 408.5654165794202,
    "results_duration_s": 14.685530777991517,
    "results_infra_cost_$": 0.004242486669197549,
    "results_total_input_tokens": "15000",
    "results_total_output_tokens": "17108",
    "results_cost_usd_per_1k_requests": 0.042424866691975496,
    "results_output_cost_usd_per_1m_tokens": 0.2479826203645984,
    "timestamp": 1738798889
}