{
    "version": "2023-08-31",
    "name": "deepseek-ai-DeepSeek-R1-Distill-Llama-8B_550_550_summary",
    "model": "deepseek-ai/DeepSeek-R1-Distill-Llama-8B",
    "mean_input_tokens": 550,
    "stddev_input_tokens": 0,
    "mean_output_tokens": 550,
    "stddev_output_tokens": 0,
    "num_concurrent_requests": 20,
    "results_inter_token_latency_s_quantiles_p25": 0.01985829787964561,
    "results_inter_token_latency_s_quantiles_p50": 0.020119872199270916,
    "results_inter_token_latency_s_quantiles_p75": 0.02037735574050616,
    "results_inter_token_latency_s_quantiles_p90": 0.02065033746728478,
    "results_inter_token_latency_s_quantiles_p95": 0.02087728092349822,
    "results_inter_token_latency_s_quantiles_p99": 0.02118704262420078,
    "results_inter_token_latency_s_mean": 0.020153773231611126,
    "results_inter_token_latency_s_min": 0.01945831384615634,
    "results_inter_token_latency_s_max": 0.021973865503686473,
    "results_inter_token_latency_s_stddev": 0.0004121587007249199,
    "results_ttft_s_quantiles_p25": 0.34644160250900313,
    "results_ttft_s_quantiles_p50": 0.3896336930047255,
    "results_ttft_s_quantiles_p75": 0.4648632357493625,
    "results_ttft_s_quantiles_p90": 0.6140175305859891,
    "results_ttft_s_quantiles_p95": 0.7400463062978815,
    "results_ttft_s_quantiles_p99": 0.8415555584567488,
    "results_ttft_s_mean": 0.42556469123024726,
    "results_ttft_s_min": 0.20843371099908836,
    "results_ttft_s_max": 0.9394341309962329,
    "results_ttft_s_stddev": 0.14465174274356354,
    "results_end_to_end_latency_s_quantiles_p25": 10.90945534651837,
    "results_end_to_end_latency_s_quantiles_p50": 11.05849620400113,
    "results_end_to_end_latency_s_quantiles_p75": 11.194716483740194,
    "results_end_to_end_latency_s_quantiles_p90": 11.294904863197008,
    "results_end_to_end_latency_s_quantiles_p95": 11.477903510602482,
    "results_end_to_end_latency_s_quantiles_p99": 11.576076398491278,
    "results_end_to_end_latency_s_mean": 10.947435818729573,
    "results_end_to_end_latency_s_min": 3.08133141300641,
    "results_end_to_end_latency_s_max": 11.648733734997222,
    "results_end_to_end_latency_s_stddev": 0.884402380933774,
    "results_request_output_throughput_token_per_s_quantiles_p25": 55.571895172407494,
    "results_request_output_throughput_token_per_s_quantiles_p50": 56.294883592730756,
    "results_request_output_throughput_token_per_s_quantiles_p75": 57.153535595042285,
    "results_request_output_throughput_token_per_s_quantiles_p90": 58.403751492449274,
    "results_request_output_throughput_token_per_s_quantiles_p95": 59.195150335382436,
    "results_request_output_throughput_token_per_s_quantiles_p99": 59.64681555913886,
    "results_request_output_throughput_token_per_s_mean": 56.405541479711054,
    "results_request_output_throughput_token_per_s_min": 52.57467577690352,
    "results_request_output_throughput_token_per_s_max": 60.37576100469145,
    "results_request_output_throughput_token_per_s_stddev": 1.4752146901356362,
    "results_number_input_tokens_quantiles_p25": 550.0,
    "results_number_input_tokens_quantiles_p50": 550.0,
    "results_number_input_tokens_quantiles_p75": 550.0,
    "results_number_input_tokens_quantiles_p90": 550.0,
    "results_number_input_tokens_quantiles_p95": 550.0,
    "results_number_input_tokens_quantiles_p99": 550.0,
    "results_number_input_tokens_mean": 550.0,
    "results_number_input_tokens_min": "550",
    "results_number_input_tokens_max": "550",
    "results_number_input_tokens_stddev": 0.0,
    "results_number_output_tokens_quantiles_p25": 615.0,
    "results_number_output_tokens_quantiles_p50": 623.0,
    "results_number_output_tokens_quantiles_p75": 632.0,
    "results_number_output_tokens_quantiles_p90": 642.0,
    "results_number_output_tokens_quantiles_p95": 645.1,
    "results_number_output_tokens_quantiles_p99": 653.09,
    "results_number_output_tokens_mean": 617.62,
    "results_number_output_tokens_min": "162",
    "results_number_output_tokens_max": "662",
    "results_number_output_tokens_stddev": 51.15569026476572,
    "results_num_requests_started": 100,
    "results_error_rate": 0.0,
    "results_number_errors": 0,
    "results_error_code_frequency": "{}",
    "results_mean_output_throughput_token_per_s": 904.1935737577419,
    "results_num_completed_requests": 100,
    "results_num_completed_requests_per_min": 87.83979538464511,
    "results_duration_s": 68.30617004202213,
    "results_infra_cost_$": 0.01973289356769528,
    "results_total_input_tokens": "55000",
    "results_total_output_tokens": "61762",
    "results_cost_usd_per_1k_requests": 0.1973289356769528,
    "results_output_cost_usd_per_1m_tokens": 0.3194989405734154,
    "timestamp": 1738800548
}