{
    "version": "2023-08-31",
    "name": "deepseek-ai-DeepSeek-R1-Distill-Llama-8B_150_550_summary",
    "model": "deepseek-ai/DeepSeek-R1-Distill-Llama-8B",
    "mean_input_tokens": 150,
    "stddev_input_tokens": 0,
    "mean_output_tokens": 550,
    "stddev_output_tokens": 0,
    "num_concurrent_requests": 20,
    "results_inter_token_latency_s_quantiles_p25": 0.019642338940148794,
    "results_inter_token_latency_s_quantiles_p50": 0.019834271919184323,
    "results_inter_token_latency_s_quantiles_p75": 0.020156652459303256,
    "results_inter_token_latency_s_quantiles_p90": 0.020312929559065114,
    "results_inter_token_latency_s_quantiles_p95": 0.02058737459620302,
    "results_inter_token_latency_s_quantiles_p99": 0.021099682849678426,
    "results_inter_token_latency_s_mean": 0.01991774951011839,
    "results_inter_token_latency_s_min": 0.019231343555888583,
    "results_inter_token_latency_s_max": 0.021579035973779602,
    "results_inter_token_latency_s_stddev": 0.00039211693008813024,
    "results_ttft_s_quantiles_p25": 0.33351101600419497,
    "results_ttft_s_quantiles_p50": 0.36301268500392325,
    "results_ttft_s_quantiles_p75": 0.4187830647570081,
    "results_ttft_s_quantiles_p90": 0.5079796378908217,
    "results_ttft_s_quantiles_p95": 0.6386823840817667,
    "results_ttft_s_quantiles_p99": 0.8873352781336897,
    "results_ttft_s_mean": 0.3985735754482448,
    "results_ttft_s_min": 0.2078686140011996,
    "results_ttft_s_max": 1.3866484249883797,
    "results_ttft_s_stddev": 0.15075310611915999,
    "results_end_to_end_latency_s_quantiles_p25": 10.765766637501656,
    "results_end_to_end_latency_s_quantiles_p50": 10.882605910504935,
    "results_end_to_end_latency_s_quantiles_p75": 11.074486442004854,
    "results_end_to_end_latency_s_quantiles_p90": 11.162016523189958,
    "results_end_to_end_latency_s_quantiles_p95": 11.206279032990277,
    "results_end_to_end_latency_s_quantiles_p99": 11.605087668301714,
    "results_end_to_end_latency_s_mean": 10.885778860637801,
    "results_end_to_end_latency_s_min": 9.09179547597887,
    "results_end_to_end_latency_s_max": 11.868759546981892,
    "results_end_to_end_latency_s_stddev": 0.37822438157378124,
    "results_request_output_throughput_token_per_s_quantiles_p25": 55.86530712249419,
    "results_request_output_throughput_token_per_s_quantiles_p50": 56.94388795962263,
    "results_request_output_throughput_token_per_s_quantiles_p75": 57.892975135402764,
    "results_request_output_throughput_token_per_s_quantiles_p90": 58.44245895829596,
    "results_request_output_throughput_token_per_s_quantiles_p95": 59.31002067221923,
    "results_request_output_throughput_token_per_s_quantiles_p99": 60.24459485615949,
    "results_request_output_throughput_token_per_s_mean": 56.88815264396605,
    "results_request_output_throughput_token_per_s_min": 52.4064875977851,
    "results_request_output_throughput_token_per_s_max": 62.58979975042553,
    "results_request_output_throughput_token_per_s_stddev": 1.5512679483825642,
    "results_number_input_tokens_quantiles_p25": 150.0,
    "results_number_input_tokens_quantiles_p50": 150.0,
    "results_number_input_tokens_quantiles_p75": 150.0,
    "results_number_input_tokens_quantiles_p90": 150.0,
    "results_number_input_tokens_quantiles_p95": 150.0,
    "results_number_input_tokens_quantiles_p99": 150.0,
    "results_number_input_tokens_mean": 150.0,
    "results_number_input_tokens_min": "150",
    "results_number_input_tokens_max": "150",
    "results_number_input_tokens_stddev": 0.0,
    "results_number_output_tokens_quantiles_p25": 614.0,
    "results_number_output_tokens_quantiles_p50": 620.5,
    "results_number_output_tokens_quantiles_p75": 628.0,
    "results_number_output_tokens_quantiles_p90": 643.0,
    "results_number_output_tokens_quantiles_p95": 645.0,
    "results_number_output_tokens_quantiles_p99": 646.2700000000001,
    "results_number_output_tokens_mean": 619.05,
    "results_number_output_tokens_min": "509",
    "results_number_output_tokens_max": "673",
    "results_number_output_tokens_stddev": 21.695493643714226,
    "results_num_requests_started": 100,
    "results_error_rate": 0.0,
    "results_number_errors": 0,
    "results_error_code_frequency": "{}",
    "results_mean_output_throughput_token_per_s": 917.0892509505454,
    "results_num_completed_requests": 100,
    "results_num_completed_requests_per_min": 88.88677014301386,
    "results_duration_s": 67.50160896099987,
    "results_infra_cost_$": 0.01950046481095552,
    "results_total_input_tokens": "15000",
    "results_total_output_tokens": "61905",
    "results_cost_usd_per_1k_requests": 0.1950046481095552,
    "results_output_cost_usd_per_1m_tokens": 0.3150062969219856,
    "timestamp": 1738799931
}