{
    "version": "2023-08-31",
    "name": "deepseek-ai-DeepSeek-R1-Distill-Llama-8B_550_150_summary",
    "model": "deepseek-ai/DeepSeek-R1-Distill-Llama-8B",
    "mean_input_tokens": 550,
    "stddev_input_tokens": 0,
    "mean_output_tokens": 150,
    "stddev_output_tokens": 0,
    "num_concurrent_requests": 20,
    "results_inter_token_latency_s_quantiles_p25": 0.021521961685551406,
    "results_inter_token_latency_s_quantiles_p50": 0.021810620453131074,
    "results_inter_token_latency_s_quantiles_p75": 0.022564423758206734,
    "results_inter_token_latency_s_quantiles_p90": 0.023096659938921224,
    "results_inter_token_latency_s_quantiles_p95": 0.02361585879145423,
    "results_inter_token_latency_s_quantiles_p99": 0.024847485030093232,
    "results_inter_token_latency_s_mean": 0.022073709854142122,
    "results_inter_token_latency_s_min": 0.020177570452797226,
    "results_inter_token_latency_s_max": 0.025354651226662098,
    "results_inter_token_latency_s_stddev": 0.0008999854190275955,
    "results_ttft_s_quantiles_p25": 0.3471216999969329,
    "results_ttft_s_quantiles_p50": 0.3807272109988844,
    "results_ttft_s_quantiles_p75": 0.43147287076862995,
    "results_ttft_s_quantiles_p90": 0.47807833719998605,
    "results_ttft_s_quantiles_p95": 0.5734143628971651,
    "results_ttft_s_quantiles_p99": 0.698263250543387,
    "results_ttft_s_mean": 0.3898897622092045,
    "results_ttft_s_min": 0.20941582799423486,
    "results_ttft_s_max": 0.7550566339923535,
    "results_ttft_s_stddev": 0.0988811539750496,
    "results_end_to_end_latency_s_quantiles_p25": 3.228407831993536,
    "results_end_to_end_latency_s_quantiles_p50": 3.2750896775105502,
    "results_end_to_end_latency_s_quantiles_p75": 3.3847708402608987,
    "results_end_to_end_latency_s_quantiles_p90": 3.464606336981524,
    "results_end_to_end_latency_s_quantiles_p95": 3.542497344489675,
    "results_end_to_end_latency_s_quantiles_p99": 3.7273357514524834,
    "results_end_to_end_latency_s_mean": 3.311281172178278,
    "results_end_to_end_latency_s_min": 3.026749482000014,
    "results_end_to_end_latency_s_max": 3.8033080989844166,
    "results_end_to_end_latency_s_stddev": 0.13497553907525198,
    "results_request_output_throughput_token_per_s_quantiles_p25": 50.436637644573125,
    "results_request_output_throughput_token_per_s_quantiles_p50": 51.8620752869093,
    "results_request_output_throughput_token_per_s_quantiles_p75": 53.30427311102609,
    "results_request_output_throughput_token_per_s_quantiles_p90": 54.16035110121003,
    "results_request_output_throughput_token_per_s_quantiles_p95": 55.39080983192313,
    "results_request_output_throughput_token_per_s_quantiles_p99": 58.01793874164137,
    "results_request_output_throughput_token_per_s_mean": 51.776375802357094,
    "results_request_output_throughput_token_per_s_min": 45.618376976073684,
    "results_request_output_throughput_token_per_s_max": 58.47857612683625,
    "results_request_output_throughput_token_per_s_stddev": 2.4075214568862577,
    "results_number_input_tokens_quantiles_p25": 550.0,
    "results_number_input_tokens_quantiles_p50": 550.0,
    "results_number_input_tokens_quantiles_p75": 550.0,
    "results_number_input_tokens_quantiles_p90": 550.0,
    "results_number_input_tokens_quantiles_p95": 550.0,
    "results_number_input_tokens_quantiles_p99": 550.0,
    "results_number_input_tokens_mean": 550.0,
    "results_number_input_tokens_min": "550",
    "results_number_input_tokens_max": "550",
    "results_number_input_tokens_stddev": 0.0,
    "results_number_output_tokens_quantiles_p25": 168.0,
    "results_number_output_tokens_quantiles_p50": 171.5,
    "results_number_output_tokens_quantiles_p75": 174.0,
    "results_number_output_tokens_quantiles_p90": 176.0,
    "results_number_output_tokens_quantiles_p95": 178.0,
    "results_number_output_tokens_quantiles_p99": 180.03000000000003,
    "results_number_output_tokens_mean": 171.17,
    "results_number_output_tokens_min": "163",
    "results_number_output_tokens_max": "183",
    "results_number_output_tokens_stddev": 3.9950853646332853,
    "results_num_requests_started": 100,
    "results_error_rate": 0.0,
    "results_number_errors": 0,
    "results_error_code_frequency": "{}",
    "results_mean_output_throughput_token_per_s": 802.8266224031233,
    "results_num_completed_requests": 100,
    "results_num_completed_requests_per_min": 281.41378363140393,
    "results_duration_s": 21.32091727197985,
    "results_infra_cost_$": 0.006159376100794179,
    "results_total_input_tokens": "55000",
    "results_total_output_tokens": "17117",
    "results_cost_usd_per_1k_requests": 0.06159376100794179,
    "results_output_cost_usd_per_1m_tokens": 0.3598396974232739,
    "timestamp": 1738799645
}