{
    "version": "2023-08-31",
    "name": "deepseek-ai-DeepSeek-R1-Distill-Llama-8B_2000_1000_summary",
    "model": "deepseek-ai/DeepSeek-R1-Distill-Llama-8B",
    "mean_input_tokens": 2000,
    "stddev_input_tokens": 0,
    "mean_output_tokens": 1000,
    "stddev_output_tokens": 0,
    "num_concurrent_requests": 20,
    "results_inter_token_latency_s_quantiles_p25": 0.020555148983681795,
    "results_inter_token_latency_s_quantiles_p50": 0.020788033832301153,
    "results_inter_token_latency_s_quantiles_p75": 0.02104530964743026,
    "results_inter_token_latency_s_quantiles_p90": 0.021347493497820686,
    "results_inter_token_latency_s_quantiles_p95": 0.021496843181026612,
    "results_inter_token_latency_s_quantiles_p99": 0.021686165290078004,
    "results_inter_token_latency_s_mean": 0.020829586378610973,
    "results_inter_token_latency_s_min": 0.020161649049347034,
    "results_inter_token_latency_s_max": 0.022005992057733622,
    "results_inter_token_latency_s_stddev": 0.00037710421674354766,
    "results_ttft_s_quantiles_p25": 0.449239991743525,
    "results_ttft_s_quantiles_p50": 0.5038668600027449,
    "results_ttft_s_quantiles_p75": 0.5676032414994552,
    "results_ttft_s_quantiles_p90": 0.6593415206123612,
    "results_ttft_s_quantiles_p95": 0.7259918494091833,
    "results_ttft_s_quantiles_p99": 0.902467194539495,
    "results_ttft_s_mean": 0.5229871083408943,
    "results_ttft_s_min": 0.27225470801931806,
    "results_ttft_s_max": 0.9271732910128776,
    "results_ttft_s_stddev": 0.11709808817789889,
    "results_end_to_end_latency_s_quantiles_p25": 20.254902884997136,
    "results_end_to_end_latency_s_quantiles_p50": 20.667798476002645,
    "results_end_to_end_latency_s_quantiles_p75": 20.94754901176202,
    "results_end_to_end_latency_s_quantiles_p90": 21.238465956418075,
    "results_end_to_end_latency_s_quantiles_p95": 21.379556320385017,
    "results_end_to_end_latency_s_quantiles_p99": 21.53961306298035,
    "results_end_to_end_latency_s_mean": 19.80536321744934,
    "results_end_to_end_latency_s_min": 10.173432407988003,
    "results_end_to_end_latency_s_max": 21.610528245015303,
    "results_end_to_end_latency_s_stddev": 2.4067898645928976,
    "results_request_output_throughput_token_per_s_quantiles_p25": 53.91406083067782,
    "results_request_output_throughput_token_per_s_quantiles_p50": 55.267755004791645,
    "results_request_output_throughput_token_per_s_quantiles_p75": 56.18793496248149,
    "results_request_output_throughput_token_per_s_quantiles_p90": 56.92418363507874,
    "results_request_output_throughput_token_per_s_quantiles_p95": 57.97841902679935,
    "results_request_output_throughput_token_per_s_quantiles_p99": 59.70927140624071,
    "results_request_output_throughput_token_per_s_mean": 55.344304686945826,
    "results_request_output_throughput_token_per_s_min": 50.23469923546348,
    "results_request_output_throughput_token_per_s_max": 79.12637911870902,
    "results_request_output_throughput_token_per_s_stddev": 2.9144215845410306,
    "results_number_input_tokens_quantiles_p25": 2000.0,
    "results_number_input_tokens_quantiles_p50": 2000.0,
    "results_number_input_tokens_quantiles_p75": 2000.0,
    "results_number_input_tokens_quantiles_p90": 2000.0,
    "results_number_input_tokens_quantiles_p95": 2000.0,
    "results_number_input_tokens_quantiles_p99": 2000.0,
    "results_number_input_tokens_mean": 2000.0,
    "results_number_input_tokens_min": "2000",
    "results_number_input_tokens_max": "2000",
    "results_number_input_tokens_stddev": 0.0,
    "results_number_output_tokens_quantiles_p25": 1113.75,
    "results_number_output_tokens_quantiles_p50": 1134.5,
    "results_number_output_tokens_quantiles_p75": 1164.0,
    "results_number_output_tokens_quantiles_p90": 1180.0,
    "results_number_output_tokens_quantiles_p95": 1196.3,
    "results_number_output_tokens_quantiles_p99": 1209.1600000000021,
    "results_number_output_tokens_mean": 1096.74,
    "results_number_output_tokens_min": "532",
    "results_number_output_tokens_max": "1621",
    "results_number_output_tokens_stddev": 147.42035137659929,
    "results_num_requests_started": 100,
    "results_error_rate": 0.0,
    "results_number_errors": 0,
    "results_error_code_frequency": "{}",
    "results_mean_output_throughput_token_per_s": 869.559062627716,
    "results_num_completed_requests": 100,
    "results_num_completed_requests_per_min": 47.571478889858085,
    "results_duration_s": 126.12599271701765,
    "results_infra_cost_$": 0.036436397896027324,
    "results_total_input_tokens": "200000",
    "results_total_output_tokens": "109674",
    "results_cost_usd_per_1k_requests": 0.3643639789602732,
    "results_output_cost_usd_per_1m_tokens": 0.332224573700488,
    "timestamp": 1738801395
}