{
    "version": "2023-08-31",
    "name": "deepseek-ai-DeepSeek-R1-Distill-Llama-8B_150_150_summary",
    "model": "deepseek-ai/DeepSeek-R1-Distill-Llama-8B",
    "mean_input_tokens": 150,
    "stddev_input_tokens": 0,
    "mean_output_tokens": 150,
    "stddev_output_tokens": 0,
    "num_concurrent_requests": 5,
    "results_inter_token_latency_s_quantiles_p25": 0.020592171217576834,
    "results_inter_token_latency_s_quantiles_p50": 0.02098958583024796,
    "results_inter_token_latency_s_quantiles_p75": 0.0215311394611975,
    "results_inter_token_latency_s_quantiles_p90": 0.022525239899599304,
    "results_inter_token_latency_s_quantiles_p95": 0.02347901405529895,
    "results_inter_token_latency_s_quantiles_p99": 0.025452095907041814,
    "results_inter_token_latency_s_mean": 0.021247124234191145,
    "results_inter_token_latency_s_min": 0.019303866935467037,
    "results_inter_token_latency_s_max": 0.027562857719603925,
    "results_inter_token_latency_s_stddev": 0.0012314248396123636,
    "results_ttft_s_quantiles_p25": 0.3389108200062765,
    "results_ttft_s_quantiles_p50": 0.3844135294930311,
    "results_ttft_s_quantiles_p75": 0.4375778064932092,
    "results_ttft_s_quantiles_p90": 0.4917905727925245,
    "results_ttft_s_quantiles_p95": 0.7849259398557478,
    "results_ttft_s_quantiles_p99": 1.01710226484691,
    "results_ttft_s_mean": 0.4112462569310446,
    "results_ttft_s_min": 0.19253309498890303,
    "results_ttft_s_max": 1.4134459760098252,
    "results_ttft_s_stddev": 0.16728669782389533,
    "results_end_to_end_latency_s_quantiles_p25": 3.088940478999575,
    "results_end_to_end_latency_s_quantiles_p50": 3.148549286503112,
    "results_end_to_end_latency_s_quantiles_p75": 3.229782747985155,
    "results_end_to_end_latency_s_quantiles_p90": 3.3788962441059995,
    "results_end_to_end_latency_s_quantiles_p95": 3.521964263387781,
    "results_end_to_end_latency_s_quantiles_p99": 3.817938534777497,
    "results_end_to_end_latency_s_mean": 3.1872265857210733,
    "results_end_to_end_latency_s_min": 2.89570840500528,
    "results_end_to_end_latency_s_max": 4.134540608996758,
    "results_end_to_end_latency_s_stddev": 0.18469930960316272,
    "results_request_output_throughput_token_per_s_quantiles_p25": 52.69296940235043,
    "results_request_output_throughput_token_per_s_quantiles_p50": 54.285354117301324,
    "results_request_output_throughput_token_per_s_quantiles_p75": 55.693320471142414,
    "results_request_output_throughput_token_per_s_quantiles_p90": 56.86431158252819,
    "results_request_output_throughput_token_per_s_quantiles_p95": 57.47796144076749,
    "results_request_output_throughput_token_per_s_quantiles_p99": 59.53836439032842,
    "results_request_output_throughput_token_per_s_mean": 53.914681108604285,
    "results_request_output_throughput_token_per_s_min": 41.600752360668096,
    "results_request_output_throughput_token_per_s_max": 64.9236641628138,
    "results_request_output_throughput_token_per_s_stddev": 3.18096257273689,
    "results_number_input_tokens_quantiles_p25": 150.0,
    "results_number_input_tokens_quantiles_p50": 150.0,
    "results_number_input_tokens_quantiles_p75": 150.0,
    "results_number_input_tokens_quantiles_p90": 150.0,
    "results_number_input_tokens_quantiles_p95": 150.0,
    "results_number_input_tokens_quantiles_p99": 150.0,
    "results_number_input_tokens_mean": 150.0,
    "results_number_input_tokens_min": "150",
    "results_number_input_tokens_max": "150",
    "results_number_input_tokens_stddev": 0.0,
    "results_number_output_tokens_quantiles_p25": 169.0,
    "results_number_output_tokens_quantiles_p50": 171.5,
    "results_number_output_tokens_quantiles_p75": 173.25,
    "results_number_output_tokens_quantiles_p90": 175.0,
    "results_number_output_tokens_quantiles_p95": 176.0,
    "results_number_output_tokens_quantiles_p99": 178.10000000000005,
    "results_number_output_tokens_mean": 171.3,
    "results_number_output_tokens_min": "164",
    "results_number_output_tokens_max": "188",
    "results_number_output_tokens_stddev": 3.503245248726853,
    "results_num_requests_started": 100,
    "results_error_rate": 0.0,
    "results_number_errors": 0,
    "results_error_code_frequency": "{}",
    "results_mean_output_throughput_token_per_s": 251.46144691809596,
    "results_num_completed_requests": 100,
    "results_num_completed_requests_per_min": 88.07756459477967,
    "results_duration_s": 68.1217745699978,
    "results_infra_cost_$": 0.01967962376466603,
    "results_total_input_tokens": "15000",
    "results_total_output_tokens": "17130",
    "results_cost_usd_per_1k_requests": 0.1967962376466603,
    "results_output_cost_usd_per_1m_tokens": 1.1488396827008773,
    "timestamp": 1738798325
}