{
    "version": "2023-08-31",
    "name": "deepseek-ai-DeepSeek-R1-Distill-Llama-8B_150_150_summary",
    "model": "deepseek-ai/DeepSeek-R1-Distill-Llama-8B",
    "mean_input_tokens": 150,
    "stddev_input_tokens": 0,
    "mean_output_tokens": 150,
    "stddev_output_tokens": 0,
    "num_concurrent_requests": 10,
    "results_inter_token_latency_s_quantiles_p25": 0.020720781455941806,
    "results_inter_token_latency_s_quantiles_p50": 0.021171282457362394,
    "results_inter_token_latency_s_quantiles_p75": 0.021950007007884173,
    "results_inter_token_latency_s_quantiles_p90": 0.02249928884472077,
    "results_inter_token_latency_s_quantiles_p95": 0.0233877504474367,
    "results_inter_token_latency_s_quantiles_p99": 0.024144534995738653,
    "results_inter_token_latency_s_mean": 0.021346854306450887,
    "results_inter_token_latency_s_min": 0.019404262171980616,
    "results_inter_token_latency_s_max": 0.024940779572352766,
    "results_inter_token_latency_s_stddev": 0.00101928676027075,
    "results_ttft_s_quantiles_p25": 0.32007271151815075,
    "results_ttft_s_quantiles_p50": 0.3848978144960711,
    "results_ttft_s_quantiles_p75": 0.4562984985022922,
    "results_ttft_s_quantiles_p90": 0.5496902918996056,
    "results_ttft_s_quantiles_p95": 0.6325758054066682,
    "results_ttft_s_quantiles_p99": 0.7209153660340244,
    "results_ttft_s_mean": 0.3888445338909514,
    "results_ttft_s_min": 0.1919288919889368,
    "results_ttft_s_max": 0.9074185999925248,
    "results_ttft_s_stddev": 0.1307629508302753,
    "results_end_to_end_latency_s_quantiles_p25": 3.108452448999742,
    "results_end_to_end_latency_s_quantiles_p50": 3.1762407299975166,
    "results_end_to_end_latency_s_quantiles_p75": 3.292684610001743,
    "results_end_to_end_latency_s_quantiles_p90": 3.3750314006872943,
    "results_end_to_end_latency_s_quantiles_p95": 3.508286235887499,
    "results_end_to_end_latency_s_quantiles_p99": 3.6217806989041863,
    "results_end_to_end_latency_s_mean": 3.202551050460315,
    "results_end_to_end_latency_s_min": 2.910748510999838,
    "results_end_to_end_latency_s_max": 3.7412369580124505,
    "results_end_to_end_latency_s_stddev": 0.15285986992214892,
    "results_request_output_throughput_token_per_s_quantiles_p25": 51.808757919842314,
    "results_request_output_throughput_token_per_s_quantiles_p50": 53.89181524229353,
    "results_request_output_throughput_token_per_s_quantiles_p75": 55.5173891629499,
    "results_request_output_throughput_token_per_s_quantiles_p90": 57.25965576095345,
    "results_request_output_throughput_token_per_s_quantiles_p95": 57.67387872714244,
    "results_request_output_throughput_token_per_s_quantiles_p99": 58.52392494161942,
    "results_request_output_throughput_token_per_s_mean": 53.55349415676591,
    "results_request_output_throughput_token_per_s_min": 47.282110861875985,
    "results_request_output_throughput_token_per_s_max": 58.6645888788628,
    "results_request_output_throughput_token_per_s_stddev": 2.724933868078064,
    "results_number_input_tokens_quantiles_p25": 150.0,
    "results_number_input_tokens_quantiles_p50": 150.0,
    "results_number_input_tokens_quantiles_p75": 150.0,
    "results_number_input_tokens_quantiles_p90": 150.0,
    "results_number_input_tokens_quantiles_p95": 150.0,
    "results_number_input_tokens_quantiles_p99": 150.0,
    "results_number_input_tokens_mean": 150.0,
    "results_number_input_tokens_min": "150",
    "results_number_input_tokens_max": "150",
    "results_number_input_tokens_stddev": 0.0,
    "results_number_output_tokens_quantiles_p25": 168.0,
    "results_number_output_tokens_quantiles_p50": 172.0,
    "results_number_output_tokens_quantiles_p75": 174.0,
    "results_number_output_tokens_quantiles_p90": 175.10000000000002,
    "results_number_output_tokens_quantiles_p95": 178.0,
    "results_number_output_tokens_quantiles_p99": 179.01,
    "results_number_output_tokens_mean": 171.14,
    "results_number_output_tokens_min": "162",
    "results_number_output_tokens_max": "180",
    "results_number_output_tokens_stddev": 3.8899507929686172,
    "results_num_requests_started": 100,
    "results_error_rate": 0.0,
    "results_number_errors": 0,
    "results_error_code_frequency": "{}",
    "results_mean_output_throughput_token_per_s": 470.17073755133924,
    "results_num_completed_requests": 100,
    "results_num_completed_requests_per_min": 164.8372341537943,
    "results_duration_s": 36.39954304500134,
    "results_infra_cost_$": 0.010515423546333719,
    "results_total_input_tokens": "15000",
    "results_total_output_tokens": "17114",
    "results_cost_usd_per_1k_requests": 0.1051542354633372,
    "results_output_cost_usd_per_1m_tokens": 0.6144340041097183,
    "timestamp": 1738798579
}