{
    "version": "2023-08-31",
    "name": "deepseek-ai-DeepSeek-R1-Distill-Llama-8B_1000_2000_summary",
    "model": "deepseek-ai/DeepSeek-R1-Distill-Llama-8B",
    "mean_input_tokens": 1000,
    "stddev_input_tokens": 0,
    "mean_output_tokens": 2000,
    "stddev_output_tokens": 0,
    "num_concurrent_requests": 20,
    "results_inter_token_latency_s_quantiles_p25": 0.0199261950515375,
    "results_inter_token_latency_s_quantiles_p50": 0.020140283199747668,
    "results_inter_token_latency_s_quantiles_p75": 0.02033784984887232,
    "results_inter_token_latency_s_quantiles_p90": 0.020503857006730002,
    "results_inter_token_latency_s_quantiles_p95": 0.020671679167261026,
    "results_inter_token_latency_s_quantiles_p99": 0.021004217181355565,
    "results_inter_token_latency_s_mean": 0.020156266917913546,
    "results_inter_token_latency_s_min": 0.019533796163911793,
    "results_inter_token_latency_s_max": 0.021276054130987328,
    "results_inter_token_latency_s_stddev": 0.00031416329481294457,
    "results_ttft_s_quantiles_p25": 0.4030498415013426,
    "results_ttft_s_quantiles_p50": 0.4322519915003795,
    "results_ttft_s_quantiles_p75": 0.48617588800698286,
    "results_ttft_s_quantiles_p90": 0.732568416686263,
    "results_ttft_s_quantiles_p95": 0.8154496063711121,
    "results_ttft_s_quantiles_p99": 0.9385551991453427,
    "results_ttft_s_mean": 0.48860501494113123,
    "results_ttft_s_min": 0.27151344099547714,
    "results_ttft_s_max": 1.5796669389819726,
    "results_ttft_s_stddev": 0.17958559218102216,
    "results_end_to_end_latency_s_quantiles_p25": 26.604789193239412,
    "results_end_to_end_latency_s_quantiles_p50": 32.36549321450002,
    "results_end_to_end_latency_s_quantiles_p75": 39.90226671675191,
    "results_end_to_end_latency_s_quantiles_p90": 40.66853368578595,
    "results_end_to_end_latency_s_quantiles_p95": 40.91607219714642,
    "results_end_to_end_latency_s_quantiles_p99": 41.345825941359216,
    "results_end_to_end_latency_s_mean": 32.141791805431716,
    "results_end_to_end_latency_s_min": 8.687801419000607,
    "results_end_to_end_latency_s_max": 41.40579304899438,
    "results_end_to_end_latency_s_stddev": 7.865764159240229,
    "results_request_output_throughput_token_per_s_quantiles_p25": 56.935871957214836,
    "results_request_output_throughput_token_per_s_quantiles_p50": 58.06240336719415,
    "results_request_output_throughput_token_per_s_quantiles_p75": 58.75055141493109,
    "results_request_output_throughput_token_per_s_quantiles_p90": 59.84962654981266,
    "results_request_output_throughput_token_per_s_quantiles_p95": 60.86508130871015,
    "results_request_output_throughput_token_per_s_quantiles_p99": 61.56810374040123,
    "results_request_output_throughput_token_per_s_mean": 58.01438277268435,
    "results_request_output_throughput_token_per_s_min": 53.93782843566918,
    "results_request_output_throughput_token_per_s_max": 65.83412814940964,
    "results_request_output_throughput_token_per_s_stddev": 1.7582878440079084,
    "results_number_input_tokens_quantiles_p25": 1000.0,
    "results_number_input_tokens_quantiles_p50": 1000.0,
    "results_number_input_tokens_quantiles_p75": 1000.0,
    "results_number_input_tokens_quantiles_p90": 1000.0,
    "results_number_input_tokens_quantiles_p95": 1000.0,
    "results_number_input_tokens_quantiles_p99": 1000.0,
    "results_number_input_tokens_mean": 1000.0,
    "results_number_input_tokens_min": "1000",
    "results_number_input_tokens_max": "1000",
    "results_number_input_tokens_stddev": 0.0,
    "results_number_output_tokens_quantiles_p25": 1542.5,
    "results_number_output_tokens_quantiles_p50": 1889.5,
    "results_number_output_tokens_quantiles_p75": 2271.25,
    "results_number_output_tokens_quantiles_p90": 2353.1,
    "results_number_output_tokens_quantiles_p95": 2389.2,
    "results_number_output_tokens_quantiles_p99": 2426.4,
    "results_number_output_tokens_mean": 1862.43,
    "results_number_output_tokens_min": "511",
    "results_number_output_tokens_max": "2466",
    "results_number_output_tokens_stddev": 449.3487375967557,
    "results_num_requests_started": 100,
    "results_error_rate": 0.0,
    "results_number_errors": 0,
    "results_error_code_frequency": "{}",
    "results_mean_output_throughput_token_per_s": 890.1589814230905,
    "results_num_completed_requests": 100,
    "results_num_completed_requests_per_min": 28.67734029487574,
    "results_duration_s": 209.22442382399458,
    "results_infra_cost_$": 0.06044261132693177,
    "results_total_input_tokens": "100000",
    "results_total_output_tokens": "186243",
    "results_cost_usd_per_1k_requests": 0.6044261132693177,
    "results_output_cost_usd_per_1m_tokens": 0.3245362849982644,
    "timestamp": 1738801993
}