{
    "version": "2023-08-31",
    "name": "deepseek-ai-DeepSeek-R1-Distill-Llama-8B_1000_1000_summary",
    "model": "deepseek-ai/DeepSeek-R1-Distill-Llama-8B",
    "mean_input_tokens": 1000,
    "stddev_input_tokens": 0,
    "mean_output_tokens": 1000,
    "stddev_output_tokens": 0,
    "num_concurrent_requests": 20,
    "results_inter_token_latency_s_quantiles_p25": 0.01987081676881644,
    "results_inter_token_latency_s_quantiles_p50": 0.020096408347541,
    "results_inter_token_latency_s_quantiles_p75": 0.020290211793457275,
    "results_inter_token_latency_s_quantiles_p90": 0.020421728075956345,
    "results_inter_token_latency_s_quantiles_p95": 0.020689901931447093,
    "results_inter_token_latency_s_quantiles_p99": 0.020808958738350487,
    "results_inter_token_latency_s_mean": 0.020109422123442175,
    "results_inter_token_latency_s_min": 0.019616399091173662,
    "results_inter_token_latency_s_max": 0.02129199392787996,
    "results_inter_token_latency_s_stddev": 0.0003039845361820284,
    "results_ttft_s_quantiles_p25": 0.3863195762532996,
    "results_ttft_s_quantiles_p50": 0.43364859752182383,
    "results_ttft_s_quantiles_p75": 0.48531956324586645,
    "results_ttft_s_quantiles_p90": 0.6957791833177911,
    "results_ttft_s_quantiles_p95": 0.7801404405443463,
    "results_ttft_s_quantiles_p99": 1.4375686788337771,
    "results_ttft_s_mean": 0.47015935645089485,
    "results_ttft_s_min": 0.1976783930149395,
    "results_ttft_s_max": 1.4528893069946207,
    "results_ttft_s_stddev": 0.1898117500224236,
    "results_end_to_end_latency_s_quantiles_p25": 19.80650381250598,
    "results_end_to_end_latency_s_quantiles_p50": 20.03291820049344,
    "results_end_to_end_latency_s_quantiles_p75": 20.26864751449466,
    "results_end_to_end_latency_s_quantiles_p90": 20.41545764041075,
    "results_end_to_end_latency_s_quantiles_p95": 20.690299974499794,
    "results_end_to_end_latency_s_quantiles_p99": 20.809385266731553,
    "results_end_to_end_latency_s_mean": 19.43097077484068,
    "results_end_to_end_latency_s_min": 9.734900434996234,
    "results_end_to_end_latency_s_max": 21.292363471991848,
    "results_end_to_end_latency_s_stddev": 2.0808280801381867,
    "results_request_output_throughput_token_per_s_quantiles_p25": 56.0599513433057,
    "results_request_output_throughput_token_per_s_quantiles_p50": 57.47500522124423,
    "results_request_output_throughput_token_per_s_quantiles_p75": 58.33489764007004,
    "results_request_output_throughput_token_per_s_quantiles_p90": 59.6355360388276,
    "results_request_output_throughput_token_per_s_quantiles_p95": 61.21060064404303,
    "results_request_output_throughput_token_per_s_quantiles_p99": 67.29723307680884,
    "results_request_output_throughput_token_per_s_mean": 57.61594679503999,
    "results_request_output_throughput_token_per_s_min": 52.73857039080836,
    "results_request_output_throughput_token_per_s_max": 68.51185780080269,
    "results_request_output_throughput_token_per_s_stddev": 2.4294924530478976,
    "results_number_input_tokens_quantiles_p25": 1000.0,
    "results_number_input_tokens_quantiles_p50": 1000.0,
    "results_number_input_tokens_quantiles_p75": 1000.0,
    "results_number_input_tokens_quantiles_p90": 1000.0,
    "results_number_input_tokens_quantiles_p95": 1000.0,
    "results_number_input_tokens_quantiles_p99": 1000.0,
    "results_number_input_tokens_mean": 1000.0,
    "results_number_input_tokens_min": "1000",
    "results_number_input_tokens_max": "1000",
    "results_number_input_tokens_stddev": 0.0,
    "results_number_output_tokens_quantiles_p25": 1123.25,
    "results_number_output_tokens_quantiles_p50": 1140.0,
    "results_number_output_tokens_quantiles_p75": 1170.0,
    "results_number_output_tokens_quantiles_p90": 1186.5,
    "results_number_output_tokens_quantiles_p95": 1213.2,
    "results_number_output_tokens_quantiles_p99": 1352.13,
    "results_number_output_tokens_mean": 1118.82,
    "results_number_output_tokens_min": "561",
    "results_number_output_tokens_max": "1365",
    "results_number_output_tokens_stddev": 123.02380323179804,
    "results_num_requests_started": 100,
    "results_error_rate": 0.0,
    "results_number_errors": 0,
    "results_error_code_frequency": "{}",
    "results_mean_output_throughput_token_per_s": 915.7136174132465,
    "results_num_completed_requests": 100,
    "results_num_completed_requests_per_min": 49.10782524873956,
    "results_duration_s": 122.18012037000153,
    "results_infra_cost_$": 0.03529647921800044,
    "results_total_input_tokens": "100000",
    "results_total_output_tokens": "111882",
    "results_cost_usd_per_1k_requests": 0.3529647921800044,
    "results_output_cost_usd_per_1m_tokens": 0.3154795160794448,
    "timestamp": 1738801110
}