{
    "version": "2023-08-31",
    "name": "deepseek-ai-DeepSeek-R1-Distill-Llama-8B_150_150_summary",
    "model": "deepseek-ai/DeepSeek-R1-Distill-Llama-8B",
    "mean_input_tokens": 150,
    "stddev_input_tokens": 0,
    "mean_output_tokens": 150,
    "stddev_output_tokens": 0,
    "num_concurrent_requests": 20,
    "results_inter_token_latency_s_quantiles_p25": 0.021040159192828773,
    "results_inter_token_latency_s_quantiles_p50": 0.021491698896667612,
    "results_inter_token_latency_s_quantiles_p75": 0.022159142947930376,
    "results_inter_token_latency_s_quantiles_p90": 0.022442626727764342,
    "results_inter_token_latency_s_quantiles_p95": 0.02317683420771694,
    "results_inter_token_latency_s_quantiles_p99": 0.02425858078463937,
    "results_inter_token_latency_s_mean": 0.02162023511803127,
    "results_inter_token_latency_s_min": 0.020139029265847055,
    "results_inter_token_latency_s_max": 0.028995607825927437,
    "results_inter_token_latency_s_stddev": 0.0011010449757172971,
    "results_ttft_s_quantiles_p25": 0.3180329837559839,
    "results_ttft_s_quantiles_p50": 0.3520556659932481,
    "results_ttft_s_quantiles_p75": 0.4047439415153349,
    "results_ttft_s_quantiles_p90": 0.45900017741369087,
    "results_ttft_s_quantiles_p95": 0.5664488271009759,
    "results_ttft_s_quantiles_p99": 0.720455037464566,
    "results_ttft_s_mean": 0.36554799823905343,
    "results_ttft_s_min": 0.19335279197548516,
    "results_ttft_s_max": 1.422755045001395,
    "results_ttft_s_stddev": 0.1457024256794209,
    "results_end_to_end_latency_s_quantiles_p25": 3.156139211008849,
    "results_end_to_end_latency_s_quantiles_p50": 3.223889045009855,
    "results_end_to_end_latency_s_quantiles_p75": 3.323985205985082,
    "results_end_to_end_latency_s_quantiles_p90": 3.3665360759128817,
    "results_end_to_end_latency_s_quantiles_p95": 3.4770234732117387,
    "results_end_to_end_latency_s_quantiles_p99": 3.6686636853081325,
    "results_end_to_end_latency_s_mean": 3.2435945055197224,
    "results_end_to_end_latency_s_min": 3.020966680982383,
    "results_end_to_end_latency_s_max": 4.34964897800819,
    "results_end_to_end_latency_s_stddev": 0.1658624863791152,
    "results_request_output_throughput_token_per_s_quantiles_p25": 51.32323382797609,
    "results_request_output_throughput_token_per_s_quantiles_p50": 53.201813118665285,
    "results_request_output_throughput_token_per_s_quantiles_p75": 54.72611845565382,
    "results_request_output_throughput_token_per_s_quantiles_p90": 56.092782200405765,
    "results_request_output_throughput_token_per_s_quantiles_p95": 56.61401547082341,
    "results_request_output_throughput_token_per_s_quantiles_p99": 57.560967154600974,
    "results_request_output_throughput_token_per_s_mean": 52.942588696875234,
    "results_request_output_throughput_token_per_s_min": 39.083613611010776,
    "results_request_output_throughput_token_per_s_max": 58.152745329396176,
    "results_request_output_throughput_token_per_s_stddev": 2.693511150667706,
    "results_number_input_tokens_quantiles_p25": 150.0,
    "results_number_input_tokens_quantiles_p50": 150.0,
    "results_number_input_tokens_quantiles_p75": 150.0,
    "results_number_input_tokens_quantiles_p90": 150.0,
    "results_number_input_tokens_quantiles_p95": 150.0,
    "results_number_input_tokens_quantiles_p99": 150.0,
    "results_number_input_tokens_mean": 150.0,
    "results_number_input_tokens_min": "150",
    "results_number_input_tokens_max": "150",
    "results_number_input_tokens_stddev": 0.0,
    "results_number_output_tokens_quantiles_p25": 168.75,
    "results_number_output_tokens_quantiles_p50": 171.0,
    "results_number_output_tokens_quantiles_p75": 174.0,
    "results_number_output_tokens_quantiles_p90": 176.0,
    "results_number_output_tokens_quantiles_p95": 178.05,
    "results_number_output_tokens_quantiles_p99": 181.01,
    "results_number_output_tokens_mean": 171.33,
    "results_number_output_tokens_min": "164",
    "results_number_output_tokens_max": "182",
    "results_number_output_tokens_stddev": 3.8113466959020714,
    "results_num_requests_started": 100,
    "results_error_rate": 0.0,
    "results_number_errors": 0,
    "results_error_code_frequency": "{}",
    "results_mean_output_throughput_token_per_s": 812.9495418352451,
    "results_num_completed_requests": 100,
    "results_num_completed_requests_per_min": 284.69603986525834,
    "results_duration_s": 21.075108746998012,
    "results_infra_cost_$": 0.006088364749132759,
    "results_total_input_tokens": "15000",
    "results_total_output_tokens": "17133",
    "results_cost_usd_per_1k_requests": 0.06088364749132759,
    "results_output_cost_usd_per_1m_tokens": 0.35535894175758825,
    "timestamp": 1738798726
}